name,cores,cpu_mark,thread_mark,TDP,Socket,Category
AMD 3015e,2,2709,1340,6,Unknown,Laptop
AMD 3020e,2,2435,1406,6,Unknown,Laptop
AMD A10 Micro-6700T APU,4,1426,722,5,FT3b,Laptop
AMD A10 PRO-7350B APU,4,1915,917,19,FP3,Laptop
AMD A10-4600M APU,2,1938,1078,35,FS1r2,Laptop
AMD A10-4655M APU,2,1658,909,25,FP2,Laptop
AMD A10-4657M APU,4,1759,940,35,FP2,Laptop
AMD A10-5745M APU,4,1782,945,25,FP2,Laptop
AMD A10-5750M APU,4,2053,1166,35,FS1r2,Laptop
AMD A10-5757M APU,4,1998,1151,35,FP2,Laptop
AMD A10-7300 APU,4,1742,863,19,FP3,Laptop
AMD A10-7400P,4,2100,1040,35,FP3,Laptop
AMD A10-8700P,2,2245,1146,35,FP4,Laptop
AMD A10-9600P,4,2332,1142,15,FP4,Laptop
AMD A10-9620P,4,2538,1267,15,Unknown,Laptop
AMD A10-9630P,4,2940,1394,35,FP4,Laptop
AMD A12-9700P,4,2428,1208,15,FP4,Laptop
AMD A12-9720P,4,2656,1314,15,FP4,Laptop
AMD A12-9730P,4,2980,1386,35,FP4,Laptop
AMD A4 Micro-6400T APU,4,1082,540,4.5,FT3b,Laptop
AMD A4 PRO-3340B,4,1645,676,25,BGA769 (FT3),Laptop
AMD A4-1200 APU,2,369,303,3.9,FT3,Laptop
AMD A4-1250 APU,2,406,329,8,FT3,Laptop
AMD A4-1350 APU,4,911,345,8,FT3,Laptop
AMD A4-3300M APU,2,714,790,65,FM1,Laptop
AMD A4-3305M APU,2,751,830,35,FS1,Laptop
AMD A4-3310MX APU,2,782,832,45,FS1,Laptop
AMD A4-3320M APU,2,668,708,35,FS1,Laptop
AMD A4-3330MX APU,2,756,908,45,FS1 uPGA,Laptop
AMD A4-4300M APU,1,1000,1014,35,FS1,Laptop
AMD A4-4355M APU,2,806,813,17,FP2,Laptop
AMD A4-5000 APU,4,1290,505,15,FT3,Laptop
AMD A4-5050 APU,4,1328,538,13.5,FT3,Laptop
AMD A4-5100 APU,4,1346,540,15,FT3,Laptop
AMD A4-5150M APU,2,765,800,35,FS1r2,Laptop
AMD A4-6210 APU,4,1494,607,15,FT3b,Laptop
AMD A4-6250J APU,4,1671,695,25,Unknown,Laptop Mobile/Embedded
AMD A4-7210 APU,4,1656,725,25,BGA,Laptop
AMD A4-9120,2,1217,1050,15,BGA,Laptop
AMD A4-9120C,2,850,889,6,FT4,Laptop
AMD A4-9120e,2,851,744,NA,FT4,Laptop
AMD A4-9125,2,1211,1044,15,BGA (FT4),Laptop
AMD A6 Micro-6500T APU,4,1146,630,NA,Unknown,Laptop
AMD A6 PRO-7050B APU,2,1010,866,17,FP3,Laptop
AMD A6-1450 APU,4,1072,460,8,FT3,Laptop
AMD A6-3400M APU,4,1193,692,35,FS1,Laptop
AMD A6-3410MX APU,4,1263,732,45,FS1,Laptop
AMD A6-3420M APU,4,1293,772,35,FS1,Laptop
AMD A6-3430MX APU,4,1448,822,45,FS1,Laptop
AMD A6-4400M APU,1,1010,1027,35,FS1r2,Laptop
AMD A6-4455M APU,1,797,788,17,FP2,Laptop
AMD A6-5200 APU,4,1663,664,25,FT3,Laptop
AMD A6-5345M APU,2,1122,1094,17,FP2,Laptop
AMD A6-5350M APU,2,1221,1226,35,FS1r2,Laptop
AMD A6-5357M APU,2,1165,1243,35,FP2,Laptop
AMD A6-6310 APU,4,1674,742,15,FT3,Laptop
AMD A6-7000 ,2,1010,857,17,FP3,Laptop
AMD A6-7310 APU,4,1724,775,25,Unknown,Laptop
AMD A6-8500P,2,1445,1253,15,BGA (FP4),Laptop
AMD A6-9200,2,1116,970,10,BGA,Laptop
AMD A6-9210,2,1248,1088,15,FP4,Laptop
AMD A6-9220,2,1283,1136,15,Unknown,Laptop
AMD A6-9220C,2,1053,995,6,FT4,Laptop
AMD A6-9220e,2,977,863,NA,Unknown,Laptop
AMD A6-9225,2,1333,1160,15,BGA (FT4),Laptop
AMD A6-9400,2,2717,1664,10,FT4,Laptop
AMD A8 PRO-7150B APU,4,1528,763,19,FP3,Laptop
AMD A8-3500M APU,4,1400,813,35,FS1,Laptop
AMD A8-3510MX APU,4,1631,898,45,FS1,Laptop
AMD A8-3520M APU,4,1441,844,35,FS1,Laptop
AMD A8-3530MX APU,4,1608,938,45,FS1,Laptop
AMD A8-3550MX APU,4,1687,962,45,FS1,Laptop
AMD A8-4500M APU,2,1688,918,35,FS1r2,Laptop
AMD A8-4555M APU,2,1331,789,19,FP2,Laptop
AMD A8-5545M APU,4,1567,832,19,FP2,Laptop
AMD A8-5550M APU,4,1869,1039,35,FS1r2,Laptop
AMD A8-5557M APU,4,1801,1037,35,FP2,Laptop
AMD A8-6410 APU,4,1772,783,15,BGA769 (FT3b),Laptop
AMD A8-7050,2,1152,945,15,Unknown,Laptop
AMD A8-7100 APU,4,1638,840,19,FP3,Laptop
AMD A8-7200P,4,2154,1054,35,FP3,Laptop
AMD A8-7410 APU,4,1817,804,25,Unknown,Laptop
AMD A8-7680,4,3546,1622,45,FM2+,Laptop
AMD A8-8600P,2,2464,1189,15,FP4,Laptop
AMD A9-9400,2,1329,1195,10,FP4,Laptop
AMD A9-9410,2,1522,1330,25,FP4,Laptop
AMD A9-9420,2,1498,1296,15,Unknown,Laptop
AMD A9-9420e,2,1107,962,NA,Unknown,Laptop
AMD A9-9425,2,1512,1319,15,BGA (FT4),Laptop
AMD Athlon 220GE,2,4432,1961,35,AM4,Laptop
AMD Athlon 300U,2,3867,1774,15,FP5,Laptop
AMD Athlon 64 X2 QL-60,2,652,654,35,S1,Laptop
AMD Athlon 64 X2 QL-62,2,525,623,35,S1,Laptop
AMD Athlon 64 X2 QL-64,2,624,731,35,S1,Laptop
AMD Athlon 64 X2 QL-65,2,637,681,35,S1,Laptop
AMD Athlon 64 X2 QL-66,2,641,751,35,S1,Laptop
AMD Athlon 64 X2 QL-67,2,582,515,35,S1,Laptop
AMD Athlon Gold 3150C,2,3292,1706,15,FP5,Laptop Mobile/Embedded
AMD Athlon Gold 3150U,2,3989,1761,15,FP5,Laptop
AMD Athlon Gold 7220U,2,4740,2094,15,FP6,Laptop
AMD Athlon Gold PRO 4150GE,4,8259,2384,35,FP6,Laptop
AMD Athlon II Dual-Core M300,2,670,776,35,Unknown,Laptop
AMD Athlon II Dual-Core M320,2,749,855,35,Unknown,Laptop
AMD Athlon II Dual-Core M340,2,807,858,35,Unknown,Laptop
AMD Athlon II N330 Dual-Core,2,665,813,35,Unknown,Laptop
AMD Athlon II N350 Dual-Core,2,767,945,35,Unknown,Laptop
AMD Athlon II N370 Dual-Core,2,899,913,35,S1g4,Laptop
AMD Athlon II Neo K125,1,315,616,12,S1,Laptop
AMD Athlon II Neo K145,1,298,592,12,S1,Laptop
AMD Athlon II Neo K325 Dual-Core,2,417,486,12,Unknown,Laptop
AMD Athlon II Neo K345 Dual-Core,2,527,552,12,Unknown,Laptop
AMD Athlon II Neo N36L Dual-Core,2,487,524,12,Unknown,Laptop
AMD Athlon II P320 Dual-Core,2,695,812,25,Unknown,Laptop
AMD Athlon II P340 Dual-Core,2,710,847,25,S1g4,Laptop
AMD Athlon II P360 Dual-Core,2,730,861,25,S1g4,Laptop
AMD Athlon PRO 300U,2,4080,1931,15,FP5,Laptop
AMD Athlon PRO 3045B,2,2618,1493,15,FP5,Laptop
AMD Athlon Silver 3050C,2,2879,1809,15,FP5,Laptop
AMD Athlon Silver 3050e,2,2939,1447,6,Unknown,Laptop
AMD Athlon Silver 3050GE,2,4545,2016,35,AM4,Laptop
AMD Athlon Silver 3050U,2,2993,1703,15,FP5,Laptop
AMD Athlon Silver 7120U,2,3126,1952,15,FP6,Laptop
AMD Athlon X2 Dual Core L310,2,329,395,13,S1,Laptop
AMD C-30,1,178,375,9,FT1,Laptop
AMD C-50,2,265,312,9,FT1,Laptop
AMD C-60 APU,2,316,357,9,Unknown,Laptop Mobile/Embedded
AMD C-70 APU,2,315,364,9,Unknown,Laptop Mobile/Embedded
AMD E-240,1,195,403,18,FT1,Laptop
AMD E-300 APU,2,339,394,18,FT1,Laptop
AMD E-350,2,421,485,18,FT1,Desktop Laptop
AMD E-350 APU,2,423,490,18,FT1 BGA,Desktop Laptop
AMD E-350D APU,2,486,523,18,Unknown,Laptop Mobile/Embedded
AMD E-450 APU,2,437,498,18,FT1,Laptop
AMD E1 Micro-6200T APU,2,600,498,3.95,FT3b,Laptop
AMD E1-1200 APU,2,380,430,18,FT1,Laptop
AMD E1-1500 APU,2,398,458,18,FT1,Laptop
AMD E1-2100 APU,2,406,322,9,FT3,Laptop
AMD E1-2200 APU,2,474,368,9,FT3,Laptop
AMD E1-2500 APU,2,593,454,15,FT3,Laptop
AMD E1-6010 APU,2,534,426,10,FT3b,Laptop
AMD E1-6015 APU,2,571,448,NA,BGA769 (FT3b),Laptop
AMD E1-7010 APU,2,593,484,10,BGA769 (FT3b),Laptop
AMD E2-2000 APU,2,496,538,18,BGA413FT1,Laptop
AMD E2-3000 APU,2,726,547,15,FT3,Laptop
AMD E2-3000M APU,2,668,731,35,FS1,Laptop
AMD E2-3800 APU,4,1152,436,15,FT3,Laptop
AMD E2-6110 APU,4,1128,474,15,AM1FT3b,Laptop
AMD E2-7015,2,637,491,NA,Unknown,Laptop
AMD E2-7015 APU,2,662,507,NA,Unknown,Laptop
AMD E2-7110 APU,4,1516,611,15,FP4 BGA,Laptop
AMD E2-9000,2,967,816,10,Unknown,Laptop
AMD E2-9000e,2,886,748,6,Unknown,Laptop
AMD E2-9010,2,1093,909,15,FP4,Laptop
AMD Embedded G-Series GX-215JJ Radeon R2E,2,1064,861,10,FP4,Laptop Mobile/Embedded
AMD Embedded G-Series GX-224IJ Radeon R4E,2,1271,1119,15,FP4,Laptop Mobile/Embedded
AMD Embedded G-Series GX-420GI Radeon R7E,4,1600,841,16.1,FP4,Laptop Mobile/Embedded
AMD Embedded R-Series RX-216GD,2,1628,1313,15,BGA (FP4),Laptop Mobile/Embedded
AMD Embedded R-Series RX-418GD Radeon R6,4,3426,1467,35,FP4,Laptop Mobile/Embedded
AMD Embedded R-Series RX-421BD,4,3302,1477,35,BGA (FP4),Laptop Mobile/Embedded
AMD FX-7500 APU,4,1967,973,19,FP3,Laptop
AMD FX-7600P,4,2582,1253,35,FP3,Laptop
AMD FX-7600P APU,4,2856,1436,35,FP3,Laptop
AMD FX-8800P,2,2851,1380,35,FP4,Laptop
AMD FX-9800P,4,2543,1228,15,Unknown,Laptop
AMD FX-9830P,4,3332,1582,35,FP4,Laptop
AMD G-T40E,2,289,313,6.4,FT1,Laptop
AMD G-T40N,2,299,323,9,FT1,Laptop
AMD G-T40R,1,120,327,5.5,FT1,Laptop
AMD G-T44R,1,120,302,9,FT1,Laptop
AMD G-T48E,2,427,457,18,FT1,Laptop
AMD G-T52R,1,177,381,18,FT1,Laptop
AMD G-T56E,2,442,522,18,FT1,Laptop
AMD G-T56N,2,484,528,18,FT1,Laptop
AMD GX-210JA SOC,2,248,231,6,FT3 (769-BGA),Laptop
AMD GX-212JC SOC ,2,646,452,6,FT3b,Laptop
AMD GX-217GA SOC,2,794,565,15,FT3 (769-BGA),Laptop
AMD GX-218GL SOC,2,754,627,15,BGA769 (FT3b),Laptop
AMD GX-222GC SOC,2,1044,783,15,BGA769 (FT3b),Laptop Mobile/Embedded
AMD GX-412HC,4,1095,414,7,FT3b,Laptop
AMD GX-415GA SOC,4,1417,515,15,FT3 (769-BGA),Laptop
AMD GX-420CA SOC,4,1785,677,25,FT3 (769-BGA),Laptop
AMD GX-420MC SOC,4,1796,695,17.5,FTB3b,Laptop
AMD GX-424CC SOC,4,1805,802,25,FT3b,Laptop
AMD Phenom II N620 Dual-Core,2,992,1092,35,S1,Laptop
AMD Phenom II N640 Dual-Core,2,965,1039,35,S1,Laptop
AMD Phenom II N660 Dual-Core,2,1083,1093,35,S1,Laptop
AMD Phenom II N830 3+1,4,1768,935,35,S1,Laptop
AMD Phenom II N830 Triple-Core,3,1222,823,35,S1,Laptop
AMD Phenom II N850 Triple-Core,3,1298,895,35,S1,Laptop
AMD Phenom II N870 Triple-Core,3,1324,900,35,S1,Laptop
AMD Phenom II N930 Quad-Core,4,1584,817,35,S1,Laptop
AMD Phenom II N950 Quad-Core,4,1587,859,35,S1,Laptop
AMD Phenom II N970 Quad-Core,4,1687,904,35,S1,Laptop
AMD Phenom II P650 Dual-Core,2,933,985,35,S1,Laptop
AMD Phenom II P820 Triple-Core,3,1068,717,25,S1,Laptop
AMD Phenom II P840 Triple-Core,3,1079,760,35,S1,Laptop
AMD Phenom II P860 Triple-Core,3,1250,831,35,S1,Laptop
AMD Phenom II P920 Quad-Core,4,1006,597,25,S1,Laptop
AMD Phenom II P940 Quad-Core,4,1319,679,35,S1,Laptop
AMD Phenom II P960 Quad-Core,4,1386,737,35,S1,Laptop
AMD Phenom II X620 Dual-Core,2,1262,1339,45,S1,Laptop
AMD Phenom II X920 Quad-Core,4,1669,944,45,S1,Laptop
AMD Phenom II X940 Quad-Core,4,1797,785,45,S1,Laptop
AMD PRO A10-8700B,2,2212,1122,15,BGA (FP4),Laptop
AMD PRO A10-8730B,4,2355,1187,15,FP4,Laptop
AMD PRO A10-9700B,4,2545,1294,15,FP4,Laptop
AMD PRO A12-8800B,2,2580,1315,15,FP4,Laptop
AMD PRO A12-8830B,4,2564,1351,15,BGA (FP4),Laptop
AMD PRO A12-9800B,4,2691,1392,15,FP4,Laptop
AMD PRO A4-3350B APU,4,1790,789,15,FT3b,Laptop
AMD PRO A4-4350B,2,1118,941,15,FT4,Laptop
AMD PRO A6-7350B,2,1218,1154,15,FMA4,Laptop
AMD PRO A6-8500B,2,1601,1340,15,FP4,Laptop
AMD PRO A6-8530B,2,1127,1149,15,FP4,Laptop
AMD PRO A6-9500B,2,1357,1215,15,FP4,Laptop
AMD PRO A8-8600B,4,2190,1090,15,BGA (FP4),Laptop
AMD PRO A8-9600B,4,2292,1194,15,FP4,Laptop
AMD QC-4000,4,1155,449,15,FT3,Laptop
AMD R-260H APU,2,954,902,17,BGA827 (FP2),Laptop
AMD R-272F APU,2,1215,1087,35,FS1,Desktop Laptop
AMD R-460L APU,4,1538,928,25,BGA827 (FP2),Laptop
AMD R-464L APU,4,1773,1123,35,FS1r2,Laptop Mobile/Embedded
AMD RX-427BB,4,2789,1306,35,FP3,Laptop
AMD Ryzen 3 2200U,2,3690,1675,15,FP5,Laptop
AMD Ryzen 3 2300U,4,5548,1745,15,FP5,Laptop
AMD Ryzen 3 3200U,2,3783,1802,15,FP5,Laptop
AMD Ryzen 3 3250C,2,3153,1911,15,FP5,Laptop Mobile/Embedded
AMD Ryzen 3 3250U,2,3808,1772,15,FP5,Laptop
AMD Ryzen 3 3300U,4,5679,1841,15,FP5,Laptop
AMD Ryzen 3 3350U,4,5813,1908,15,Unknown,Laptop
AMD Ryzen 3 4300U,4,7440,2308,15,FP6,Laptop
AMD Ryzen 3 5300U,4,9693,2352,15,FP6,Laptop
AMD Ryzen 3 5400U,4,11068,2747,15,FP6,Laptop
AMD Ryzen 3 5425U,4,11316,2922,15,FP6,Laptop
AMD Ryzen 3 7320C,4,8614,2436,15,FT6,Laptop
AMD Ryzen 3 7320U,4,8852,2381,15,FP7,Laptop
AMD Ryzen 3 7330U,4,11008,3027,15,FP6,Laptop
AMD Ryzen 3 7335U,4,12448,2998,28,FP7,Desktop Laptop
AMD Ryzen 3 7440U,4,12991,2614,28,FP7 FP7r2,Laptop
AMD Ryzen 3 8440U,4,12805,3648,28,FP7 FP7r2,Desktop Laptop
AMD Ryzen 3 PRO 2300U,4,5742,1832,15,FP5,Laptop
AMD Ryzen 3 PRO 3200GE,4,6738,2139,35,AM4,Laptop
AMD Ryzen 3 PRO 3300U,4,5947,1935,15,FP5,Laptop
AMD Ryzen 3 PRO 4200GE,4,10930,2540,35,Unknown,Laptop
AMD Ryzen 3 PRO 4450U,4,9930,2349,15,FP6,Laptop
AMD Ryzen 3 PRO 5450U,4,11026,2736,15,FP6,Laptop
AMD Ryzen 3 PRO 5475U,4,11381,2905,15,FP6,Laptop
AMD Ryzen 3 PRO 7330U,4,12287,3124,15,FP6,Laptop
AMD Ryzen 3 PRO 7335U,4,12440,3119,30,FP7r2,Desktop Laptop
AMD Ryzen 5 2500U,4,6538,1818,15,FP5,Laptop
AMD Ryzen 5 2600H,4,8002,2085,45,FP5,Laptop
AMD Ryzen 5 3450U,4,6742,1910,15,FP5,Laptop
AMD Ryzen 5 3500C,4,5682,1984,15,FP5,Laptop
AMD Ryzen 5 3500U,4,6940,1946,15,FP5,Laptop
AMD Ryzen 5 3550H,4,7765,2025,35,FP5,Laptop
AMD Ryzen 5 3550U,4,7681,2053,15,Unknown,Laptop
AMD Ryzen 5 3580U,4,7236,1970,15,FP5,Laptop
AMD Ryzen 5 4500U,6,10906,2432,15,FP6,Laptop
AMD Ryzen 5 4600H,6,14418,2433,45,FP6,Laptop
AMD Ryzen 5 4600HS,6,14228,2396,35,FP6,Laptop
AMD Ryzen 5 4600U,6,13466,2439,15,FP6,Laptop
AMD Ryzen 5 5500H,4,11647,2999,45,FP6,Laptop
AMD Ryzen 5 5500U,6,13018,2441,15,FP6,Laptop
AMD Ryzen 5 5560U,6,15172,2837,15,AM4,Laptop
AMD Ryzen 5 5600H,6,16959,2943,45,FP6,Laptop
AMD Ryzen 5 5600U,6,15411,2917,15,FP6,Laptop
AMD Ryzen 5 5625U,6,14913,2881,15,FP6,Laptop
AMD Ryzen 5 6600H,6,18705,3183,45,FP7,Laptop
AMD Ryzen 5 6600HS Creator Edition,6,18267,3092,35,FP7,Laptop
AMD Ryzen 5 6600U,6,16545,3173,25,FP7,Laptop
AMD Ryzen 5 7235HS,4,11580,2723,45,FP7r2,Desktop Laptop
AMD Ryzen 5 7430U,6,15834,2986,15,AM4,Laptop
AMD Ryzen 5 7520U,4,9199,2465,15,FP6,Laptop
AMD Ryzen 5 7530U,6,15974,3111,15,FP6,Laptop
AMD Ryzen 5 7535HS,6,18415,3174,35,FP7,Laptop
AMD Ryzen 5 7535U,6,17127,3239,28,FP7,Laptop
AMD Ryzen 5 7540U,6,18690,3614,28,FP7 FP7r2,Laptop
AMD Ryzen 5 7640HS,6,23042,3636,54,FP7 FP7r2 FP8,Laptop
AMD Ryzen 5 7640U,6,21188,3526,28,FP7 FP7r2 FP8,Laptop
AMD Ryzen 5 7645HX,6,26868,3915,55,AM5 (LGA 1718),Laptop
AMD Ryzen 5 8540U,6,18641,3714,28,FP7 FP7r2,Desktop Laptop
AMD Ryzen 5 8640HS,6,20336,3675,28,FP7  FP7r2  FP,Desktop Laptop
AMD Ryzen 5 8640U,6,20971,3547,28,FP7 FP7r2 FP8,Desktop Laptop
AMD Ryzen 5 8645HS,6,22833,3711,45,FP7  FP7r2  FP,Desktop Laptop
AMD Ryzen 5 Microsoft Surface Edition,4,7243,1815,15,FP5,Laptop
AMD Ryzen 5 PRO 2500U,4,6669,1803,15,FP5,Laptop
AMD Ryzen 5 PRO 3500U,4,7030,1961,15,FP5,Laptop
AMD Ryzen 5 PRO 4400GE,6,14795,2664,35,Unknown,Laptop
AMD Ryzen 5 PRO 4500U,6,12117,2491,15,FP6,Laptop
AMD Ryzen 5 PRO 4650U,6,12635,2415,15,FP6,Laptop
AMD Ryzen 5 PRO 5650U,6,14911,2933,15,FP6,Laptop
AMD Ryzen 5 PRO 5675U,6,14658,2966,15,FP6,Laptop
AMD Ryzen 5 PRO 6650H,6,18928,3214,45,FP7,Laptop
AMD Ryzen 5 PRO 6650U,6,16679,3181,28,FP7,Laptop
AMD Ryzen 5 PRO 7530U,6,15021,3027,15,FP6,Laptop
AMD Ryzen 5 PRO 7535U,6,17598,3273,28,FP7,Laptop
AMD Ryzen 5 PRO 7540U,6,18215,3554,30,FP7 FP7r2,Laptop
AMD Ryzen 5 PRO 7640HS,6,22778,3685,54,FP7 FP7r2,Laptop
AMD Ryzen 5 PRO 7640U,6,21287,3726,28,FP7 FP7r2 FP8,Desktop Laptop
AMD Ryzen 5 PRO 8540U,6,18084,3523,28,FP7 FP7r2,Desktop Laptop Mobile/Embedded
AMD Ryzen 5 PRO 8640HS,6,21401,3707,28,FP7 FP7r2,Desktop Laptop Server
AMD Ryzen 7 2700U,4,6797,1816,15,FP5,Laptop
AMD Ryzen 7 2800H,4,8144,2172,45,FP5,Laptop
AMD Ryzen 7 3700C,4,6346,2267,15,FP5,Laptop Mobile/Embedded
AMD Ryzen 7 3700U,4,7144,1972,15,FP5,Laptop
AMD Ryzen 7 3750H,4,8101,2081,35,FP5,Laptop
AMD Ryzen 7 3780U,4,6961,1937,15,FP5,Laptop
AMD Ryzen 7 4700U,8,13364,2522,15,FP6,Laptop
AMD Ryzen 7 4800H,8,18478,2612,45,FP6,Laptop
AMD Ryzen 7 4800HS,8,18320,2574,45,FP6,Laptop
AMD Ryzen 7 4800U,8,16687,2568,15,FP6,Laptop
AMD Ryzen 7 4850U Mobile,8,17110,2661,15,FP6,Laptop
AMD Ryzen 7 4980U Microsoft Surface Edition,8,17469,2752,15,FP6,Laptop
AMD Ryzen 7 5700U,8,15838,2586,15,FP6,Laptop
AMD Ryzen 7 5800H,8,21004,3043,45,FP6,Laptop
AMD Ryzen 7 5800HS,8,20036,3018,35,FP6,Laptop
AMD Ryzen 7 5800HS Creator Edition,8,21166,3100,NA,Unknown,Laptop
AMD Ryzen 7 5800U,8,18391,3031,15,FP6,Laptop
AMD Ryzen 7 5825U,8,18322,3056,15,FP6,Laptop
AMD Ryzen 7 6800H,8,23389,3243,45,FP7,Laptop
AMD Ryzen 7 6800HS,8,22938,3213,35,FP7,Laptop
AMD Ryzen 7 6800HS Creator Edition,8,21781,3227,35,FP7,Laptop
AMD Ryzen 7 6800U,8,20600,3210,28,Unknown,Laptop
AMD Ryzen 7 7435HS,8,23949,3228,45,FP7r2,Desktop Laptop
AMD Ryzen 7 7730U,8,18572,3061,15,FP6,Laptop
AMD Ryzen 7 7735H,8,23898,3275,54,FP7,Laptop
AMD Ryzen 7 7735HS,8,23907,3346,54,FP7,Laptop
AMD Ryzen 7 7735U,8,21160,3278,28,FP7,Laptop
AMD Ryzen 7 7736U,8,22278,3372,28,FP7,Laptop
AMD Ryzen 7 7745HX,8,32768,3953,55,AM5 (LGA 1718),Laptop
AMD Ryzen 7 7840H,8,28390,3720,54,FP7 FP7r2 FP8,Laptop
AMD Ryzen 7 7840HS,8,28912,3786,54,FP7 FP7r2 FP8,Laptop
AMD Ryzen 7 7840HX,12,45042,3958,55,FL1,Desktop Laptop
AMD Ryzen 7 7840S,8,23966,3686,54,FP7 FP7r2 FP8,Laptop
AMD Ryzen 7 7840U,8,25004,3604,30,Unknown,Laptop
AMD Ryzen 7 8745H,8,30448,3740,45,Unknown,Laptop
AMD Ryzen 7 8745HS,8,30371,3830,45,FP7 FP7r2 FP8,Desktop Laptop
AMD Ryzen 7 8840HS,8,24460,3649,28,FP7 FP7r2 FP8,Desktop Laptop
AMD Ryzen 7 8840U,8,23875,3695,28,FP7 FP7r2 FP8,Desktop Laptop
AMD Ryzen 7 8845H,8,27972,3718,45,FP7 FP7r2 FP8,Desktop Laptop
AMD Ryzen 7 8845HS,8,28852,3777,45,FP7 FP7r2 FP8,Desktop Laptop
AMD Ryzen 7 Extreme Edition,8,16903,2457,NA,FP6,Laptop
AMD Ryzen 7 PRO 2700U,4,7132,1941,15,FP5,Laptop
AMD Ryzen 7 PRO 3700U,4,7479,2033,15,FP5,Laptop
AMD Ryzen 7 PRO 4750U,8,15153,2502,15,FP6,Laptop
AMD Ryzen 7 PRO 5850U,8,16953,2985,15,FP6,Laptop
AMD Ryzen 7 PRO 5875U,8,16078,2866,15,FP6,Laptop
AMD Ryzen 7 PRO 6850H,8,23353,3272,45,FP7,Laptop
AMD Ryzen 7 PRO 6850HS,8,22259,3294,35,FP7,Laptop
AMD Ryzen 7 PRO 6850U,8,20795,3235,28,FP7,Laptop
AMD Ryzen 7 PRO 6860Z,8,20863,3167,28,Unknown,Laptop
AMD Ryzen 7 PRO 7730U,8,19008,3075,15,Unknown,Laptop
AMD Ryzen 7 Pro 7735U,8,19355,3173,28,FP7,Laptop
AMD Ryzen 7 PRO 7840HS,8,26787,3544,54,FP7 FP7r2 FP8,Laptop
AMD Ryzen 7 PRO 7840U,8,24744,3691,30,Unknown,Laptop
AMD Ryzen 7 PRO 8840HS,8,26685,3698,28,FP7 FP7r2 FP8,Desktop Laptop
AMD Ryzen 7 PRO 8840U,8,24438,3717,28,FP7 FP7r2,Desktop Laptop Server
AMD Ryzen 7 PRO 8845HS,8,29199,3835,45,FP7 FP7r2,Desktop Laptop Server
AMD Ryzen 9 4900H,8,19156,2706,45,FP6,Laptop
AMD Ryzen 9 4900HS,8,18943,2594,35,FP6,Laptop
AMD Ryzen 9 5900H,8,20557,2977,NA,AM4,Laptop
AMD Ryzen 9 5900HS,8,21640,3161,35,FP6,Laptop
AMD Ryzen 9 5900HS Creator Edition,8,22138,3275,35,Unknown,Laptop
AMD Ryzen 9 5900HX,8,22506,3193,45,FP6,Laptop
AMD Ryzen 9 5980HS,8,21334,3195,35,FP6,Laptop
AMD Ryzen 9 5980HX,8,23534,3342,45,FP6,Laptop
AMD Ryzen 9 6900HS,8,23585,3286,35,FP7,Laptop
AMD Ryzen 9 6900HS Creator Edition,8,21785,3316,35,FP7,Laptop
AMD Ryzen 9 6900HX,8,24756,3442,45,FP7,Laptop
AMD Ryzen 9 7845HX,12,45709,3965,55,FL1,Laptop
AMD Ryzen 9 7940H,8,28660,3956,54,FP7 FP7r2 FP8,Laptop
AMD Ryzen 9 7940HS,8,30399,3906,54,FP7 FP7r2 FP8,Laptop
AMD Ryzen 9 7940HX,16,54040,3983,55,AM5 (LGA 1718),Desktop Laptop
AMD Ryzen 9 7945HX,16,54711,4053,55,FL1,Laptop
AMD Ryzen 9 7945HX3D,16,58008,4111,55,FL1,Laptop
AMD Ryzen 9 8945H,8,30190,3947,45,FP7 FP7r2 FP8,Desktop Laptop
AMD Ryzen 9 8945HS,8,29826,3882,45,FP7 FP7r2 FP8,Desktop Laptop
AMD Ryzen 9 PRO 6950H,8,22978,3242,45,FP7,Laptop
AMD Ryzen 9 PRO 6950HS,8,22697,3405,35,FP7,Laptop
AMD Ryzen 9 PRO 7940HS,8,28189,3762,45,FP7 FP7r2,Laptop
AMD Ryzen 9 PRO 8945HS,8,30494,3924,45,FP7 FP7r2,Desktop Laptop Server
AMD Ryzen AI 7 PRO 360,8,22919,4016,28,FP8,Desktop Laptop
AMD Ryzen AI 9 365,10,28576,3718,28,FP8,Desktop Laptop
AMD Ryzen AI 9 HX 370,12,35412,3981,28,FP8,Desktop Laptop
AMD Ryzen AI 9 HX 375,12,31176,3922,28,FP8,Desktop Laptop
AMD Ryzen Embedded R1305G,2,2953,1587,8,FP5,Laptop Mobile/Embedded
AMD Ryzen Embedded R1505G,2,3813,1837,15,FP5,Laptop Mobile/Embedded
AMD Ryzen Embedded V1202B,2,3512,1624,15,FP5,Laptop Mobile/Embedded
AMD Ryzen Embedded V1605B,4,6677,1908,15,FP5,Laptop Mobile/Embedded
AMD Ryzen Embedded V1807B,4,8553,2213,45,FP5,Laptop Mobile/Embedded
AMD Sempron M120,1,247,559,25,S1,Laptop
AMD Sempron SI-40,1,288,631,25,S1,Laptop
AMD Sempron SI-42,1,245,637,25,S1,Laptop
AMD Turion 64 Mobile MK-36,1,334,735,31,S1,Laptop
AMD Turion 64 Mobile MK-38,1,362,801,31,S1,Laptop
AMD Turion 64 Mobile ML-28,1,254,314,25,754,Laptop
AMD Turion 64 Mobile ML-30,1,277,314,35,754,Laptop
AMD Turion 64 Mobile ML-32,1,285,321,35,754,Laptop
AMD Turion 64 Mobile ML-34,1,319,526,35,754,Laptop
AMD Turion 64 Mobile ML-37,1,334,510,35,754,Laptop
AMD Turion 64 Mobile ML-40,1,336,662,35,754,Laptop
AMD Turion 64 Mobile ML-42,1,400,455,35,754,Laptop
AMD Turion 64 Mobile ML-44,1,384,469,35,754,Laptop
AMD Turion 64 Mobile MT-30,1,246,294,25,754,Laptop
AMD Turion 64 Mobile MT-32,1,286,367,24,754,Laptop
AMD Turion 64 Mobile MT-34,1,279,328,24,754,Laptop
AMD Turion 64 Mobile MT-37,1,274,501,25,754,Laptop
AMD Turion 64 X2 Mobile TL-50,2,474,541,31,S1,Laptop
AMD Turion 64 X2 Mobile TL-52,2,534,564,31,S1,Laptop
AMD Turion 64 X2 Mobile TL-56,2,514,597,31,S1,Laptop
AMD Turion 64 X2 Mobile TL-58,2,483,574,31,S1,Laptop
AMD Turion 64 X2 Mobile TL-60,2,639,703,31,S1,Laptop
AMD Turion 64 X2 Mobile TL-62,2,649,724,35,S1,Laptop
AMD Turion 64 X2 Mobile TL-64,2,675,702,35,S1,Laptop
AMD Turion 64 X2 Mobile TL-66,2,696,846,35,S1,Laptop
AMD Turion 64 X2 Mobile TL-68,2,866,882,35,S1,Laptop
AMD Turion Dual-Core RM-70,2,561,548,31,S1,Laptop
AMD Turion Dual-Core RM-72,2,649,725,35,S1,Laptop
AMD Turion Dual-Core RM-74,2,588,595,35,S1,Laptop
AMD Turion Dual-Core RM-75,2,659,444,35,S1,Laptop
AMD Turion II Dual-Core Mobile M500,2,756,847,35,S1,Laptop
AMD Turion II Dual-Core Mobile M520,2,844,923,35,S1,Laptop
AMD Turion II Dual-Core Mobile M540,2,912,967,35,S1,Laptop
AMD Turion II N530 Dual-Core,2,855,968,35,S1,Laptop
AMD Turion II N550 Dual-Core,2,877,891,35,S1,Laptop
AMD Turion II Neo K625 Dual-Core,2,618,631,15,S1,Laptop
AMD Turion II Neo K685 Dual-Core,2,684,729,15,BGA812,Laptop
AMD Turion II Neo N40L Dual-Core,2,617,635,15,BGA812,Laptop
AMD Turion II Neo N54L Dual-Core,2,853,894,25,BGA812,Laptop
AMD Turion II P520 Dual-Core,2,812,882,25,S1,Laptop
AMD Turion II P540 Dual-Core,2,954,937,35,S1,Laptop
AMD Turion II P560 Dual-Core,2,878,1001,25,S1,Laptop
AMD Turion II Ultra Dual-Core Mobile M600,2,955,987,35,S1,Laptop
AMD Turion II Ultra Dual-Core Mobile M620,2,814,945,35,S1,Laptop
AMD Turion II Ultra Dual-Core Mobile M640,2,1034,1067,35,S1,Laptop
AMD Turion II Ultra Dual-Core Mobile M660,2,1011,1103,35,S1,Laptop
AMD Turion Neo X2 Dual Core L625,2,432,486,18,ASB1,Laptop
AMD Turion X2 Dual Core L510,2,603,593,20,ASB1,Laptop
AMD Turion X2 Dual Core Mobile RM-70,2,497,504,31,S1,Laptop
AMD Turion X2 Dual Core Mobile RM-76,2,691,729,35,S1,Laptop
AMD Turion X2 Dual-Core Mobile RM-70,2,612,672,31,S1,Laptop
AMD Turion X2 Dual-Core Mobile RM-72,2,653,756,35,S1,Laptop
AMD Turion X2 Dual-Core Mobile RM-74,2,655,738,35,S1,Laptop
AMD Turion X2 Dual-Core Mobile RM-75,2,727,783,35,S1,Laptop
AMD Turion X2 Dual-Core Mobile RM-76,2,799,761,35,S1,Laptop
AMD Turion X2 Dual-Core Mobile RM-77,2,562,735,35,S1,Laptop
AMD Turion X2 Ultra Dual-Core Mobile ZM-80,2,506,618,32,S1,Laptop
AMD Turion X2 Ultra Dual-Core Mobile ZM-82,2,733,770,35,S1,Laptop
AMD Turion X2 Ultra Dual-Core Mobile ZM-84,2,802,787,35,S1,Laptop
AMD Turion X2 Ultra Dual-Core Mobile ZM-85,2,828,864,35,S1,Laptop
AMD Turion X2 Ultra Dual-Core Mobile ZM-86,2,695,820,35,S1,Laptop
AMD Turion X2 Ultra Dual-Core Mobile ZM-87,2,741,730,35,S1,Laptop
AMD TurionX2 Dual Core Mobile RM-70,2,536,674,31,S1,Laptop
AMD TurionX2 Dual Core Mobile RM-72,2,471,392,35,S1,Laptop
AMD TurionX2 Ultra DualCore Mobile ZM-85,2,841,686,35,S1,Laptop
AMD V105,1,184,452,9,BGA812,Laptop
AMD V120,1,352,806,25,S1,Laptop
AMD V140,1,422,860,25,S1,Laptop
AMD V160,1,337,838,25,S1,Laptop
AMD Z-60 APU,2,262,318,4.5,FT1,Laptop
Apple M1 8 Core,8,14152,3686,15.1,Unknown,Desktop Laptop Mobile/Embedded
Apple M1 Max 10 Core,10,22085,3836,NA,Unknown,Desktop Laptop
Apple M1 Pro 10 Core,10,21868,3801,NA,Unknown,Desktop Laptop
Apple M1 Pro 8 Core,8,17196,3768,NA,Unknown,Desktop Laptop
Apple M2 8 Core,8,15569,3902,NA,Unknown,Desktop Laptop
Apple M2 Max 12 Core,12,26665,4144,NA,Unknown,Laptop
Apple M2 Pro 10 Core,10,21762,4101,NA,Unknown,Desktop Laptop
Apple M2 Pro 12 Core,12,26625,4109,NA,Unknown,Laptop
Apple M3 8 Core,8,19214,4754,20,Unknown,Desktop Laptop Mobile/Embedded
Apple M3 Max 14 Core,14,36537,4771,78,Unknown,Laptop
Apple M3 Max 16 Core,16,41021,4785,78,Unknown,Laptop
Apple M3 Pro 11 Core,11,24783,4756,27,Unknown,Laptop
Apple M3 Pro 12 Core,12,25644,4478,27,Unknown,Laptop
Apple M4 10 Core,10,24400,4607,22,Unknown,Desktop Laptop Mobile/Embedded
Apple M4 Max 14 Core,14,38539,4614,NA,Unknown,Laptop
Apple M4 Max 16 Core,16,43403,4515,NA,Unknown,Laptop
Apple M4 Pro 12 Core,12,33128,4658,NA,Unknown,Desktop Laptop
Apple M4 Pro 14 Core,14,38427,4576,NA,Unknown,Desktop Laptop
ARM Cortex-A78 4 Core,4,3016,1121,NA,Unknown,Laptop Mobile/Embedded
Celeron Dual-Core T3000,2,687,748,35,PGA478,Laptop
Celeron Dual-Core T3100,2,599,637,35,BGA479,Laptop
Celeron Dual-Core T3300,2,633,711,35,Î¼FCPGA-478,Laptop
Celeron Dual-Core T3500,2,762,862,35,PGA478,Laptop
Intel Atom C2338,2,584,233,7,FCBGA1283,Laptop
Intel Atom C2358,2,578,391,7,FCBGA1283,Laptop
Intel Atom C2538,4,960,491,15,FCBGA1283,Laptop
Intel Atom C2558,4,1424,512,15,BGA 1283,Laptop Mobile/Embedded
Intel Atom C2758,8,2397,576,20,BGA 1283,Laptop Mobile/Embedded
Intel Atom D2701,2,511,384,10,BGA559,Laptop
Intel Atom E3826,2,304,395,7,FCBGA1170,Laptop
Intel Atom E3827,2,463,468,8,FCBGA1170,Laptop
Intel Atom E3900,4,1953,675,NA,Unknown,Laptop
Intel Atom N2100,1,193,287,NA,BGA559,Laptop
Intel Atom N2600,2,360,289,3.5,BGA559,Laptop
Intel Atom N270,1,136,174,2.5,BGA437,Laptop
Intel Atom N280,1,157,234,2.5,BGA437,Laptop
Intel Atom N2800,2,444,319,6.5,BGA559,Laptop
Intel Atom N450,1,203,277,5.5,BGA559,Laptop
Intel Atom N455,1,196,268,6.5,BGA559,Laptop
Intel Atom N470,1,224,308,6.5,BGA559,Laptop
Intel Atom N475,1,179,281,6.5,BGA559,Laptop
Intel Atom N550,2,283,239,8.5,BGA559,Laptop
Intel Atom N570,2,341,273,8.5,BGA559,Laptop
Intel Atom T5700,4,2363,906,NA,Unknown,Laptop
Intel Atom x5-E3930,2,928,642,6.5,BGA1296,Laptop
Intel Atom x5-E3940,4,1953,677,9.5,BGA1296,Laptop
Intel Atom x5-E8000,4,962,509,5,FCBGA1170,Laptop
Intel Atom x5-Z8300,4,814,455,4,UTFCBGA592,Laptop Mobile/Embedded
Intel Atom x5-Z8330,4,809,458,4,Unknown,Laptop
Intel Atom x5-Z8350,4,892,472,4,UTFCBGA592,Laptop
Intel Atom x5-Z8500,4,1236,631,4,UTFCBGA1380,Laptop
Intel Atom x5-Z8550,4,1144,666,4,UTFCBGA1380,Laptop Mobile/Embedded
Intel Atom x7-E3950,4,2096,742,12,BGA1296,Laptop
Intel Atom x7-Z8700,4,1324,650,4,BGA1380,Laptop
Intel Atom x7-Z8750,4,1272,679,4,UTFCBGA1380,Laptop
Intel Atom Z2760,2,298,206,NA,FC-MB4760,Laptop
Intel Atom Z3580,4,802,587,NA,Unknown,Laptop Mobile/Embedded
Intel Atom Z3735D,4,704,544,4.4,Unknown,Laptop
Intel Atom Z3735E,4,557,478,4.4,UTFCBGA1380,Laptop
Intel Atom Z3735F,4,541,387,4.4,UTFCBGA592,Laptop
Intel Atom Z3735G,4,772,476,4.4,Unknown,Laptop
Intel Atom Z3736F,4,496,423,4.4,UTFCBGA592,Laptop
Intel Atom Z3740,4,621,410,4,UTFCBGA1380,Laptop
Intel Atom Z3740D,4,614,459,4.4,UTFCBGA1380,Laptop
Intel Atom Z3745,4,621,435,4,UTFCBGA1380,Laptop
Intel Atom Z3745D,4,599,415,4.4,Unknown,Laptop
Intel Atom Z3770,4,736,539,4,UTFCBGA1380,Laptop
Intel Atom Z3770D,4,488,361,4.4,BGA1380,Laptop
Intel Atom Z3775,4,704,505,4,UTFCBGA1380,Laptop
Intel Atom Z3775D,4,794,646,4.4,UTFCBGA1380,Laptop
Intel Atom Z3795,4,1188,640,4,UTFCBGA1380,Laptop
Intel Atom Z520,1,122,151,2,BGA441,Laptop
Intel Atom Z530,1,183,161,2,BGA441,Laptop
Intel Atom Z670,1,158,95,3,BGA518,Laptop
Intel Celeron 1000M,2,1069,973,35,FCPGA988,Laptop
Intel Celeron 1005M,2,1109,1016,35,FCPGA988,Laptop
Intel Celeron 1007U,2,839,772,17,FCBGA1023,Laptop
Intel Celeron 1017U,2,895,815,17,FCBGA1023,Laptop
Intel Celeron 1020E,2,1406,1224,35,FCBGA1023 FCP,Laptop
Intel Celeron 1020M,2,1275,1176,35,FCPGA988,Laptop
Intel Celeron 1037U,2,993,935,17,FCBGA1023,Laptop
Intel Celeron 2000E,2,1607,1282,37,FCBGA1364,Laptop
Intel Celeron 2002E,2,1091,871,25,FCBGA1364,Laptop
Intel Celeron 215,1,174,440,27,BGA479,Laptop
Intel Celeron 2950M,2,1234,1143,37,FCPGA946,Laptop
Intel Celeron 2955U,2,877,781,15,FCBGA1168,Laptop
Intel Celeron 2957U,2,855,780,15,FCBGA1168,Laptop
Intel Celeron 2961Y,2,684,634,11.5,Unknown,Laptop
Intel Celeron 2970M,2,1501,1245,37,FCPGA946,Laptop
Intel Celeron 2980U,2,1056,929,15,FCBGA1168,Laptop
Intel Celeron 2981U,2,1036,899,15,BGA1168,Laptop
Intel Celeron 3205U,2,947,907,15,FCBGA1168,Laptop
Intel Celeron 3215U,2,1083,1015,15,FCBGA1168,Laptop
Intel Celeron 3755U,2,1182,1022,15,FCBGA1168,Laptop
Intel Celeron 3765U,2,1252,1171,15,FCBGA1168,Laptop
Intel Celeron 3855U,2,1219,900,15,FCBGA1356,Laptop
Intel Celeron 3865U,2,1321,1034,15,BGA1356,Laptop
Intel Celeron 3867U,2,1467,1092,15,FCBGA1356,Laptop
Intel Celeron 3955U,2,1478,1173,15,FCBGA1356,Laptop
Intel Celeron 3965U,2,1732,1339,15,FCBGA1356,Laptop
Intel Celeron 3965Y,2,1194,901,6,FCBGA1515,Laptop
Intel Celeron 4205U,2,1367,1039,15,FCBGA1528,Laptop
Intel Celeron 4305UE,2,1699,1163,15,FCBGA1528,Laptop Mobile/Embedded
Intel Celeron 5205U,2,1430,1100,15,FCBGA1528,Laptop
Intel Celeron 530,1,268,468,27,PGA478,Laptop
Intel Celeron 540,1,305,550,30,PGA478,Laptop
Intel Celeron 550,1,334,662,31,BGA479,Laptop
Intel Celeron 560,1,339,632,31,PGA478,Laptop
Intel Celeron 570,1,344,431,31,PGA478,Laptop
Intel Celeron 6305,2,2080,1195,NA,FCBGA1449,Laptop
Intel Celeron 723,1,213,460,10,BGA956,Laptop
Intel Celeron 7305,5,2470,814,15,FCBGA1744,Laptop
Intel Celeron 743,1,275,496,10,BGA956,Laptop
Intel Celeron 807,1,392,608,17,BGA-1023,Laptop
Intel Celeron 807UE,1,241,421,10,BGA-1023,Laptop
Intel Celeron 827E,1,371,674,17,FCBGA1023,Laptop
Intel Celeron 847,2,478,472,17,BGA1023,Laptop
Intel Celeron 847E,2,584,520,17,FCBGA1023,Laptop
Intel Celeron 857,2,569,476,17,BGA1023,Laptop
Intel Celeron 867,2,562,584,17,BGA1023,Laptop
Intel Celeron 877,2,693,646,17,BGA1023,Laptop
Intel Celeron 887,2,754,703,17,BGA1023,Laptop
Intel Celeron 900,1,412,834,34.8,PGA478,Laptop
Intel Celeron 925,1,477,910,35,Unknown,Laptop
Intel Celeron B710,1,106,101,35,rPGA988B,Laptop
Intel Celeron B800,2,663,644,35,PGA988B,Laptop
Intel Celeron B810,2,775,754,35,PGA988B,Laptop
Intel Celeron B815,2,731,705,35,PGA988B,Laptop
Intel Celeron B820,2,802,749,35,PGA988B,Laptop
Intel Celeron B830,2,857,821,35,rPGA988B,Laptop
Intel Celeron B840,2,967,882,35,PGA988B,Laptop
Intel Celeron G3900E,2,2034,1499,35,FCBGA1440,Laptop
Intel Celeron G3900TE,2,1850,1402,35,FCLGA1151,Laptop
Intel Celeron J3355,2,1197,826,10,FCBGA1296,Desktop Laptop
Intel Celeron M,1,252,370,NA,Unknown,Laptop
Intel Celeron M 360,1,221,305,21,H-PBGA479 PPGA4,Laptop
Intel Celeron M 410,1,123,301,27,PPGA478,Laptop
Intel Celeron M 420,1,139,391,27,PPGA478,Laptop
Intel Celeron M 430,1,169,466,27,PPGA478,Laptop
Intel Celeron M 440,1,169,485,27,PBGA479 PPGA478,Laptop
Intel Celeron M 443,1,125,288,5.5,PBGA479,Laptop
Intel Celeron M 450,1,230,598,27,PPGA478,Laptop
Intel Celeron M 520,1,239,505,30,PPGA478,Laptop
Intel Celeron M 530,1,302,578,30,PBGA479 PPGA478,Laptop
Intel Celeron M 723,1,267,507,10,BGA956,Laptop
Intel Celeron M,1,123,155,NA,Unknown,Laptop
Intel Celeron N2805,2,335,394,4.3,FCBGA1170,Laptop
Intel Celeron N2806,2,489,537,4.5,FCBGA1170,Laptop
Intel Celeron N2807,2,486,565,4.3,FCBGA1170,Laptop
Intel Celeron N2808,2,510,586,4.5,FCBGA1170,Laptop
Intel Celeron N2810,2,377,487,7.5,FCBGA1170,Laptop
Intel Celeron N2815,2,492,559,7.5,FCBGA1170,Laptop
Intel Celeron N2820,2,505,603,7.5,FCBGA1170,Laptop
Intel Celeron N2830,2,548,626,7.5,FCBGA1170,Laptop
Intel Celeron N2840,2,588,672,7,FCBGA1170,Laptop
Intel Celeron N2910,4,778,447,7.5,FCBGA1170,Laptop
Intel Celeron N2920,4,950,552,7.5,FCBGA1170,Laptop
Intel Celeron N2930,4,1014,582,7.5,FCBGA1170,Laptop
Intel Celeron N2940,4,1044,607,7.5,FCBGA1170,Laptop
Intel Celeron N3000,2,621,568,4,FCBGA1170,Laptop
Intel Celeron N3010,2,605,588,4,FCBGA1170,Laptop
Intel Celeron N3050,2,587,553,6,FCBGA1170,Laptop
Intel Celeron N3060,2,664,629,6,Unknown,Laptop
Intel Celeron N3150,4,1192,568,6,FCBGA1170,Laptop
Intel Celeron N3160,4,1192,565,6,FCBGA1170,Laptop
Intel Celeron N3350,2,1107,800,6,FCBGA1296,Laptop
Intel Celeron N3450,4,1987,769,6,FCBGA1296,Laptop
Intel Celeron N4000,2,1426,1037,6,FCBGA1090,Laptop
Intel Celeron N4000C,2,1406,1004,6,FCBGA1090,Laptop
Intel Celeron N4020,2,1548,1147,6,FCBGA1090,Laptop
Intel Celeron N4020C,2,1534,1117,6,FCBGA1090,Laptop Mobile/Embedded
Intel Celeron N4100,4,2457,1008,6,FCBGA1090,Laptop
Intel Celeron N4120,4,2487,1086,6,FCBGA1090,Laptop
Intel Celeron N5100,4,3301,1386,6,FCBGA1338,Laptop
Intel Celeron P4500,2,848,747,35,PGA988A,Laptop
Intel Celeron P4505,2,689,820,35,BGA1288,Laptop
Intel Celeron P4600,2,846,784,35,PGA988A,Laptop
Intel Celeron SU2300,2,482,507,10,BGA956,Laptop
Intel Celeron T1600,2,551,629,35,Unknown,Laptop
Intel Celeron U3400,2,516,456,18,BGA1288,Laptop
Intel Celeron U3600,2,579,523,18,BGA1288,Laptop
Intel Core 3 100U,6,14644,3775,15,FCBGA1744,Laptop
Intel Core 7 150U,10,15862,3643,15,FCBGA1744,Laptop
Intel Core Duo L2400,2,348,501,15,BGA479,Laptop
Intel Core Duo L2500,2,404,578,15,BGA479,Laptop
Intel Core Duo T2250,2,350,530,31,PGA478,Laptop
Intel Core Duo T2300,2,325,509,31,BGA479,Laptop
Intel Core Duo T2350,2,385,576,31,PGA478,Laptop
Intel Core Duo T2400,2,362,527,31,BGA479,Laptop
Intel Core Duo T2450,2,411,608,31,PGA478,Laptop
Intel Core Duo T2500,2,408,613,31,BGA479,Laptop
Intel Core Duo T2600,2,460,667,31,BGA479,Laptop
Intel Core Duo T2700,2,498,652,31,BGA479,Laptop
Intel Core Duo U2400,2,255,342,9,BGA479,Laptop
Intel Core Duo U2500,2,223,361,9,BGA479,Laptop
Intel Core i3-1000NG4,2,3554,1759,9,BGA1526,Laptop
Intel Core i3-1005G1,2,4912,2187,15,FCBGA1526,Laptop
Intel Core i3-10100T,4,7272,2261,35,FCLGA1200,Laptop
Intel Core i3-10110U,2,3897,2194,15,FCBGA1528,Laptop
Intel Core i3-10110Y,2,3297,2020,7,UTFCBGA1377,Laptop
Intel Core i3-1025G1,4,6604,2460,NA,BGA 1526,Laptop
Intel Core i3-1115G4,2,6046,2624,15,FCBGA1449,Laptop
Intel Core i3-1125G4,4,9613,2481,28,FCBGA1449,Laptop
Intel Core i3-12100TE,4,11859,3139,35,FCLGA1700,Laptop Mobile/Embedded
Intel Core i3-1210U,6,10513,3367,9,BGA1781,Laptop
Intel Core i3-1215U,6,10839,3294,15,FCBGA1744,Laptop
Intel Core i3-1220P,10,14530,3406,28,FCBGA1744,Laptop
Intel Core i3-1305U,5,8802,3276,15,FCBGA1744,Laptop
Intel Core i3-1315U,6,12184,3513,15,FCBGA1744,Laptop
Intel Core i3-2310E,2,1845,733,35,FCBGA1023,Laptop
Intel Core i3-2310M,2,1221,943,35,BGA1023,Laptop
Intel Core i3-2312M,2,1159,902,35,PGA988B,Laptop
Intel Core i3-2328M,2,1240,981,35,PGA988,Laptop
Intel Core i3-2330M,2,1233,966,35,BGA1023,Laptop
Intel Core i3-2332M,2,1353,936,35,rPGA988B,Laptop
Intel Core i3-2340UE,2,976,620,17,BGA-1023,Laptop
Intel Core i3-2348M,2,1276,1005,35,rPGA988B,Laptop
Intel Core i3-2350M,2,1256,971,35,PGA988B,Laptop
Intel Core i3-2357M,2,788,601,17,Unknown,Laptop
Intel Core i3-2365M,2,819,608,17,BGA1023,Laptop
Intel Core i3-2367M,2,847,621,17,BGA1023,Laptop
Intel Core i3-2370M,2,1371,1056,35,PGA988B,Laptop
Intel Core i3-2375M,2,903,693,17,BGA1023,Laptop
Intel Core i3-2377M,2,838,619,17,BGA1023,Laptop
Intel Core i3-3110M,2,1637,1240,35,BGA1023,Laptop
Intel Core i3-3120M,2,1697,1281,35,PGA988,Laptop
Intel Core i3-3130M,2,1900,1285,35,BGA1023,Laptop
Intel Core i3-3217U,2,1224,911,17,BGA1023,Laptop
Intel Core i3-3217UE,2,1362,711,17,BGA1023,Laptop
Intel Core i3-3227U,2,1293,953,17,BGA1023,Laptop
Intel Core i3-330E,2,1260,934,35,BGA1288,Laptop
Intel Core i3-330M,2,1022,815,35,BGA1288,Laptop
Intel Core i3-330UM,2,555,392,18,BGA1288,Laptop
Intel Core i3-350M,2,1086,878,35,BGA1288,Laptop
Intel Core i3-370M,2,1158,975,35,PGA988A,Laptop
Intel Core i3-380M,2,1200,1020,35,PGA988A,Laptop
Intel Core i3-380UM,2,745,581,18,BGA1288,Laptop
Intel Core i3-390M,2,1276,1076,35,BGA1288,Laptop
Intel Core i3-4000M,2,1780,1269,37,FCPGA946,Laptop
Intel Core i3-4005U,2,1662,912,15,FCBGA1168,Laptop
Intel Core i3-4010U,2,1658,902,15,BGA1168,Laptop
Intel Core i3-4012Y,2,1278,726,11.5,FCBGA1168,Laptop
Intel Core i3-4025U,2,1961,1094,15,FCBGA1168,Laptop
Intel Core i3-4030U,2,1875,1025,15,FCBGA1168,Laptop
Intel Core i3-4030Y,2,1654,901,11.5,FCBGA1168,Laptop
Intel Core i3-4100M,2,2519,1397,37,FCPGA946,Laptop
Intel Core i3-4110M,2,2678,1389,37,FCPGA946,Laptop
Intel Core i3-4110U,2,1860,1055,NA,Unknown,Laptop
Intel Core i3-4120U,2,1948,1177,15,FCBGA1168,Laptop
Intel Core i3-4158U,2,1921,1075,28,FCBGA1168,Laptop
Intel Core i3-4350T,2,3142,1762,35,LGA1150,Laptop
Intel Core i3-5005U,2,2022,1145,15,FCBGA1168,Laptop
Intel Core i3-5010U,2,2188,1236,15,FCBGA1168,Laptop
Intel Core i3-5015U,2,1870,1043,15,FCBGA1168,Laptop
Intel Core i3-5020U,2,2208,1253,15,FCBGA1168,Laptop
Intel Core i3-5157U,2,2593,1392,28,FCBGA1168,Laptop
Intel Core i3-6006U,2,2276,1157,15,FCBGA1356,Laptop
Intel Core i3-6100E,2,3315,1688,35,LGA 1151,Laptop
Intel Core i3-6100H,2,3041,1543,35,LGA 1151,Laptop
Intel Core i3-6100U,2,2634,1332,15,FCBGA1356,Laptop
Intel Core i3-6102E,2,2349,1068,25,FCBGA1440,Laptop
Intel Core i3-6157U,2,2770,1436,28,BGA1356,Laptop
Intel Core i3-6167U,2,3255,1636,28,FCBGA1356,Laptop
Intel Core i3-7020U,2,2583,1322,15,FCBGA1356,Laptop
Intel Core i3-7100H,2,3430,1668,35,FCBGA1440,Laptop
Intel Core i3-7100U,2,2725,1386,15,FCBGA1356,Laptop
Intel Core i3-7102E,2,2599,1302,25,FCBGA1440,Laptop
Intel Core i3-7130U,2,3022,1564,15,FCBGA1356,Laptop
Intel Core i3-7167U,2,3368,1705,28,Unknown,Laptop
Intel Core i3-8100B,4,5997,2326,65,FCBGA1440,Laptop
Intel Core i3-8109U,2,4266,2124,28,FCBGA1528,Laptop
Intel Core i3-8121U,2,4391,1944,15,Unknown,Laptop
Intel Core i3-8130U,2,3547,1881,15,FCBGA1356,Laptop
Intel Core i3-8140U,2,4227,2135,15,FCBGA1528,Laptop
Intel Core i3-8145U,2,3791,2098,15,FCBGA1528,Laptop
Intel Core i3-8145UE,2,4099,2335,15,FCBGA1528,Laptop
Intel Core i3-9100TE,4,4791,1676,35,FCLGA1151-2,Laptop
Intel Core i3-N300,8,8693,2114,7,FCBGA1264,Laptop
Intel Core i3-N305,8,9969,2192,15,FCBGA1264,Laptop Mobile/Embedded
Intel Core i5-10200H,4,8091,2424,45,FCBGA1440,Laptop
Intel Core i5-10210U,4,6203,2164,15,FCBGA1528,Laptop
Intel Core i5-10210Y,4,4475,1858,7,UTFCBGA1377,Laptop
Intel Core i5-10300H,4,8351,2553,45,FCBGA1440,Desktop Laptop
Intel Core i5-1030NG7,4,5695,1754,10,BGA1526,Laptop
Intel Core i5-10310U,4,6451,2198,15,FCBGA1528,Laptop
Intel Core i5-1035G1,4,7357,2230,15,FCBGA1526,Laptop
Intel Core i5-1035G4,4,7858,2190,15,FCBGA1526,Laptop
Intel Core i5-1035G7,4,8133,2206,15,FCBGA1526,Laptop
Intel Core i5-1038NG7,4,8842,2152,28,FCBGA1344,Laptop
Intel Core i5-10400H,4,8509,2636,45,FCBGA1440,Laptop
Intel Core i5-10500H,6,11231,2586,45,FCBGA1440,Laptop
Intel Core i5-10500TE,6,8449,1688,35,FCLGA1200,Laptop Mobile/Embedded
Intel Core i5-11260H,6,15752,2930,45,FCBGA1787,Laptop
Intel Core i5-11300H,4,10916,2805,35,FCBGA1449,Laptop
Intel Core i5-1130G7,4,8564,2378,15,BGA 1449,Laptop
Intel Core i5-11320H,4,10990,2954,35,FCBGA1449,Laptop
Intel Core i5-1135G7,4,9727,2675,15,BGA1526,Laptop
Intel Core i5-11400H,6,15611,2998,45,FCBGA1787,Laptop
Intel Core i5-1145G7,4,9796,2747,28,FCBGA1449,Laptop
Intel Core i5-11500H,6,15964,3026,45,FCBGA1787,Laptop
Intel Core i5-1155G7,4,10087,2906,28,FCBGA1449,Laptop
Intel Core i5-1230U,10,10977,2748,9,FCBGA1781,Laptop
Intel Core i5-1235U,10,13387,3217,15,FCBGA1744,Laptop Mobile/Embedded
Intel Core i5-1240P,12,17074,3268,28,FCBGA1744,Laptop
Intel Core i5-1240U,10,12652,3092,29,FCBGA1744,Laptop
Intel Core i5-12450H,8,16984,3377,45,FCBGA1744,Laptop
Intel Core i5-12450HX,8,18677,3398,148,FCBGA1964,Laptop
Intel Core i5-1245U,10,13358,3116,15,FCBGA1744,Laptop Mobile/Embedded
Intel Core i5-12500H,12,21072,3465,45,FCBGA1744,Laptop
Intel Core i5-12500TE,6,14536,2960,35,FCLGA1700,Laptop Mobile/Embedded
Intel Core i5-1250P,12,20144,3534,28,BGA1700,Laptop
Intel Core i5-12600H,12,22194,3538,45,FCBGA1744,Laptop
Intel Core i5-12600HX,12,24096,3634,55,FCBGA1964,Laptop
Intel Core i5-1334U,10,13328,3278,15,FCBGA1744,Laptop
Intel Core i5-1335U,10,14713,3409,15,FCBGA1744,Laptop
Intel Core i5-1340P,12,18780,3510,28,FCBGA1744,Laptop
Intel Core i5-13420H,8,18318,3440,45,FCBGA1744,Laptop
Intel Core i5-13450HX,10,25551,3577,55,FCBGA1964,Laptop
Intel Core i5-1345U,10,15003,3498,15,FCBGA1744,Laptop
Intel Core i5-13500H,12,22704,3535,45,Unknown,Laptop
Intel Core i5-13500HX,14,30438,3656,55,FCBGA1964,Laptop
Intel Core i5-1350P,12,19065,3627,28,FCBGA1744,Laptop
Intel Core i5-13600H,12,23196,3613,45,FCBGA1744,Laptop
Intel Core i5-13600HX,14,27606,3673,55,FCBGA1964,Laptop
Intel Core i5-14500HX,14,27502,3440,55,FCBGA1964,Laptop
Intel Core i5-2410M,2,1944,1202,35,FCBGA1023 PPG,Laptop
Intel Core i5-2430M,2,1998,1236,35,PGA988B,Laptop
Intel Core i5-2435M,2,2077,1305,35,BGA1023,Laptop
Intel Core i5-2450M,2,2077,1284,35,BGA1023,Laptop
Intel Core i5-2467M,2,1416,836,17,BGA1023,Laptop
Intel Core i5-2510E,2,1889,1183,35,PGA988B,Laptop
Intel Core i5-2520M,2,2237,1357,35,PGA988B,Laptop
Intel Core i5-2537M,2,1223,954,17,BGA1023,Laptop
Intel Core i5-2540M,2,2365,1409,35,BGA1023,Laptop
Intel Core i5-2557M,2,1716,1096,17,BGA1023,Laptop
Intel Core i5-2560M,2,2397,1437,NA,Unknown,Laptop
Intel Core i5-3210M,2,2464,1524,35,PGA988B,Laptop
Intel Core i5-3230M,2,2561,1578,35,PGA988,Laptop
Intel Core i5-3317U,2,2015,1252,17,BGA1023,Laptop
Intel Core i5-3320M,2,2662,1616,35,BGA1023,Laptop
Intel Core i5-3337U,2,2094,1287,17,BGA1023,Laptop
Intel Core i5-3340M,2,2695,1652,35,BGA1023,Laptop
Intel Core i5-3360M,2,2868,1752,35,BGA1023,Laptop
Intel Core i5-3380M,2,2916,1775,35,FCPGA988 FCBGA1,Laptop
Intel Core i5-3427U,2,2241,1352,17,BGA1023,Laptop
Intel Core i5-3437U,2,2307,1420,17,BGA1023,Laptop
Intel Core i5-3610ME,2,2666,1579,35,BGA1023,Laptop
Intel Core i5-4200M,2,2805,1620,37,PGA946,Laptop
Intel Core i5-4200U,2,2181,1287,15,BGA1168,Laptop
Intel Core i5-4210H,2,3078,1787,47,FCBGA1364,Laptop
Intel Core i5-4210M,2,2883,1694,37,FCPGA946,Laptop
Intel Core i5-4210U,2,2307,1376,15,FCBGA1168,Laptop
Intel Core i5-4220Y,2,1591,952,11.5,FCBGA1364,Laptop
Intel Core i5-4230U,2,1853,1620,15,FCBGA1364,Laptop
Intel Core i5-4250U,2,2153,1343,15,BGA1168,Laptop
Intel Core i5-4258U,2,2633,1578,28,FCBGA1168,Laptop
Intel Core i5-4260U,2,2304,1453,15,FCBGA1168,Laptop
Intel Core i5-4278U,2,2821,1707,28,FCBGA1168,Laptop
Intel Core i5-4288U,2,2642,1636,28,FCBGA1168,Laptop
Intel Core i5-4300M,2,2969,1733,37,PGA946,Laptop
Intel Core i5-4300U,2,2495,1483,15,FCBGA1168,Laptop
Intel Core i5-4308U,2,2949,1834,28,FCBGA1364,Laptop
Intel Core i5-430M,2,1205,981,35,BGA1288,Laptop
Intel Core i5-430UM,2,627,481,18,BGA1288,Laptop
Intel Core i5-4310M,2,3096,1798,37,Unknown,Laptop
Intel Core i5-4310U,2,2525,1505,15,FCBGA1168,Laptop
Intel Core i5-4330M,2,3190,1860,37,Unknown,Laptop
Intel Core i5-4340M,2,3376,2036,37,Unknown,Laptop
Intel Core i5-4350U,2,2425,1585,15,BGA1168,Laptop
Intel Core i5-4402E,2,2681,1510,25,FCBGA1364,Laptop
Intel Core i5-4422E,2,1907,1048,25,FCBGA1364,Laptop
Intel Core i5-450M,2,1239,1045,35,PGA988A,Laptop
Intel Core i5-460M,2,1297,1125,35,BGA1288,Laptop
Intel Core i5-470UM,2,782,737,18,BGA1288,Laptop
Intel Core i5-480M,2,1323,1154,35,BGA1288,Laptop
Intel Core i5-5200U,2,2500,1497,15,FCBGA1168,Laptop
Intel Core i5-520M,2,1718,1091,35,BGA1288,Laptop
Intel Core i5-520UM,2,908,699,18,BGA1288,Laptop
Intel Core i5-5250U,2,2435,1511,15,FCBGA1168,Laptop
Intel Core i5-5257U,2,2814,1727,23,FCBGA1168,Laptop
Intel Core i5-5287U,2,3109,1945,28,FCBGA1168,Laptop
Intel Core i5-5300U,2,2732,1633,15,FCBGA1168,Laptop
Intel Core i5-5350U,2,2570,1641,15,FCBGA1168,Laptop
Intel Core i5-540M,2,1809,1159,35,BGA1288,Laptop
Intel Core i5-540UM,2,1002,818,18,BGA1288,Laptop
Intel Core i5-560M,2,1909,1243,35,BGA1288,Laptop
Intel Core i5-560UM,2,1015,898,18,BGA1288,Laptop
Intel Core i5-580M,2,1950,1280,35,BGA1288,Laptop
Intel Core i5-6198DU,2,3115,1645,15,BGA1356,Laptop
Intel Core i5-6200U,2,2996,1552,15,FCBGA1356,Laptop
Intel Core i5-6260U,2,3198,1648,15,FCBGA1356,Laptop
Intel Core i5-6267U,2,3338,1825,28,FCBGA1356,Laptop
Intel Core i5-6287U,2,3799,1973,28,FCBGA1356,Laptop
Intel Core i5-6300HQ,4,4697,1792,45,LGA 1151,Laptop
Intel Core i5-6300U,2,3231,1657,15,FCBGA1356,Laptop
Intel Core i5-6350HQ,4,4255,1420,45,LGA 1151,Laptop
Intel Core i5-6360U,2,3102,1738,15,FCBGA1356,Laptop
Intel Core i5-6440EQ,4,5324,1966,45,FCBGA1440,Laptop
Intel Core i5-6440HQ,4,5106,1964,45,LGA 1151,Laptop
Intel Core i5-6442EQ,4,4487,1649,25,FCBGA1440,Laptop
Intel Core i5-7200U,2,3383,1747,15,FCBGA1356,Laptop
Intel Core i5-7260U,2,3976,1982,15,BGA1356,Laptop
Intel Core i5-7267U,2,3620,1966,28,BGA1356,Laptop
Intel Core i5-7287U,2,3743,2157,28,Unknown,Laptop
Intel Core i5-7300HQ,4,5088,1953,45,Unknown,Laptop
Intel Core i5-7300U,2,3654,1904,15,FCBGA1356,Laptop
Intel Core i5-7360U,2,3840,2097,15,FCBGA1356,Laptop
Intel Core i5-7440EQ,4,5711,2131,45,FCBGA1440,Laptop
Intel Core i5-7440HQ,4,5486,2076,45,BGA1440,Laptop
Intel Core i5-7442EQ,4,4834,1819,25,FCBGA1440,Laptop
Intel Core i5-7Y54,2,2649,1517,4.5,FCBGA1515,Laptop
Intel Core i5-7Y57,2,2592,1619,4.5,FCBGA1515,Laptop
Intel Core i5-8200Y,2,2215,1356,5,FCBGA1515,Laptop
Intel Core i5-8210Y,2,2749,1667,7,FCBGA1515,Laptop
Intel Core i5-8250U,4,5865,1904,15,FC-BGA1356,Laptop
Intel Core i5-8257U,4,7466,2262,15,FCBGA1528,Laptop
Intel Core i5-8259U,4,7878,2201,28,FCBGA1528,Laptop
Intel Core i5-8260U,4,7430,2236,15,FCBGA1528,Laptop
Intel Core i5-8265U,4,5941,2060,15,FCBGA1528,Laptop
Intel Core i5-8265UC,4,5169,2072,NA,FCBGA1528,Laptop
Intel Core i5-8269U,4,7111,2377,28,FCBGA1528,Laptop Mobile/Embedded
Intel Core i5-8279U,4,7491,2299,28,FCBGA1528,Laptop
Intel Core i5-8300H,4,7456,2274,45,FCLGA1151-2,Laptop
Intel Core i5-8305G,4,6951,2048,65,BGA2270,Laptop
Intel Core i5-8350U,4,6208,2021,15,FC-BGA1356,Laptop
Intel Core i5-8365U,4,6103,2122,15,FCBGA1528,Laptop
Intel Core i5-8365UE,4,5711,2188,15,FCBGA1528,Laptop
Intel Core i5-8400H,4,7636,2348,45,FCBGA1440,Laptop
Intel Core i5-8500B,6,8920,2537,65,FCBGA1440,Laptop
Intel Core i5-9300H,4,7568,2286,45,FCBGA1440,Laptop
Intel Core i5-9300HF,4,7327,2284,45,FCBGA1440,Laptop
Intel Core i5-9400F,6,9469,2435,65,FCLGA1151-2,Desktop Laptop
Intel Core i5-9400H,4,7913,2403,45,FCBGA1440,Laptop
Intel Core i5-9500TE,6,9861,2370,35,FCLGA1151-2,Laptop
Intel Core i5-L16G7,5,3386,1612,7,FC-CSP1016,Laptop
Intel Core i7-10510U,4,6577,2286,15,FCBGA1528,Laptop
Intel Core i7-10510Y,4,4905,1895,7,UTFCBGA1377,Laptop
Intel Core i7-1060NG7,4,6435,1858,10,FCBGA1526,Laptop
Intel Core i7-10610U,4,6683,2257,15,FCBGA1528,Laptop
Intel Core i7-1065G7,4,8275,2315,15,FCBGA-1526,Laptop
Intel Core i7-1068NG7,4,9274,2333,28,FCBGA1344,Laptop
Intel Core i7-10700E,8,16320,2860,65,FCLGA1200,Laptop Mobile/Embedded
Intel Core i7-10700TE,8,12969,2511,35,FCLGA1200,Laptop
Intel Core i7-10710U,6,9551,2336,15,FCBGA1528,Laptop
Intel Core i7-10750H,6,11834,2654,45,FCBGA1440,Laptop
Intel Core i7-10810U,6,8139,2276,15,FCBGA1528,Laptop
Intel Core i7-10850H,6,11788,2684,45,FCBGA1440,Laptop
Intel Core i7-10870H,8,14397,2666,45,FCBGA1440,Laptop
Intel Core i7-10875H,8,14853,2727,45,FCBGA1440,Laptop
Intel Core i7-11370H,4,11681,2935,35,FCBGA1449,Laptop
Intel Core i7-11375H,4,11822,2964,35,FCBGA1449,Laptop
Intel Core i7-11390H,4,9946,2875,35,FCBGA1449,Laptop
Intel Core i7-11600H,6,16221,3014,45,FCBGA1787,Laptop
Intel Core i7-1160G7,4,9181,2675,NA,FCBGA1598,Laptop
Intel Core i7-1165G7,4,10164,2800,15,BGA1526,Laptop
Intel Core i7-11800H,8,20416,3073,45,FCBGA1787,Laptop
Intel Core i7-1180G7,4,8181,2486,15,FCBGA1598,Laptop
Intel Core i7-11850H,8,20420,3103,45,FCBGA1787,Laptop
Intel Core i7-1185G7,4,10369,2809,15,BGA1526,Laptop
Intel Core i7-1185G7E,4,10345,2648,15,FCBGA1449,Laptop Mobile/Embedded
Intel Core i7-1195G7,4,10730,3007,28,FCBGA1449,Laptop
Intel Core i7-1250U,10,11654,2750,9,FCBGA1781,Laptop
Intel Core i7-1255U,10,13569,3256,15,FCBGA1744,Laptop
Intel Core i7-1260P,12,17008,3290,28,FCBGA1744,Laptop
Intel Core i7-1260U,10,14001,3157,9,FCBGA1781,Laptop
Intel Core i7-12650H,10,22520,3584,45,FCBGA1744,Laptop
Intel Core i7-12650HX,14,20612,2457,55,FCBGA1964,Laptop Mobile/Embedded
Intel Core i7-1265U,10,13780,3189,15,FCBGA1744,Laptop Mobile/Embedded
Intel Core i7-1265UE,10,9471,2582,28,FCBGA1744,Laptop Mobile/Embedded
Intel Core i7-12700H,14,26119,3581,45,FCBGA1744,Laptop
Intel Core i7-12700TE,12,17189,2875,35,FCLGA1700,Laptop Mobile/Embedded
Intel Core i7-1270P,12,17476,3405,28,BGA1700,Laptop
Intel Core i7-12800H,14,24805,3484,45,FCBGA1744,Laptop
Intel Core i7-12800HX,16,32116,3734,55,FCBGA1964,Laptop
Intel Core i7-1280P,14,20456,3327,28,FCBGA1744,Laptop
Intel Core i7-12850HX,16,30797,3711,55,FCBGA1964,Laptop
Intel Core i7-1355U,10,14820,3502,15,FCBGA1744,Laptop
Intel Core i7-1360P,12,19062,3526,28,FCBGA1744,Laptop
Intel Core i7-13620H,10,24840,3687,45,FCBGA1744,Laptop
Intel Core i7-13650HX,14,31448,3816,55,FCBGA1964,Laptop
Intel Core i7-1365U,10,14789,3525,15,FCBGA1744,Laptop
Intel Core i7-13700H,14,27080,3640,45,FCBGA1744,Laptop
Intel Core i7-13700HX,16,33560,3862,55,FCBGA1964,Laptop
Intel Core i7-13700TE,16,23113,3519,35,FCLGA1700,Laptop
Intel Core i7-13705H,14,23670,3415,45,FCBGA1792,Laptop
Intel Core i7-1370P,14,20145,3536,28,FCBGA1744,Laptop
Intel Core i7-13800H,14,27059,3571,45,FCBGA1744,Laptop
Intel Core i7-13850HX,20,38031,3845,55,FCBGA1964,Laptop
Intel Core i7-14650HX,16,36504,3981,157,FCBGA1964,Laptop
Intel Core i7-14700HX,20,37389,3998,55,FCBGA1964,Laptop
Intel Core i7-2610UE,2,1409,972,17,BGA1023,Laptop
Intel Core i7-2617M,2,1687,1092,17,BGA1023,Laptop
Intel Core i7-2620M,2,2423,1459,35,BGA1023,Laptop
Intel Core i7-2630QM,4,3559,1226,45,PGA988B,Laptop
Intel Core i7-2630UM,2,400,221,NA,Unknown,Laptop
Intel Core i7-2635QM,4,3459,1218,45,BGA1224,Laptop
Intel Core i7-2637M,2,1854,1144,17,BGA1023,Laptop
Intel Core i7-2640M,2,2467,1498,35,BGA1023,Laptop
Intel Core i7-2670QM,4,3742,1309,45,PGA988B,Laptop
Intel Core i7-2675QM,4,3856,1299,45,BGA1224,Laptop
Intel Core i7-2677M,2,1912,1260,17,BGA1023,Laptop
Intel Core i7-2710QE,4,4044,1393,45,PGA988B,Laptop
Intel Core i7-2715QE,4,3221,1287,45,BGA1023,Laptop
Intel Core i7-2720QM,4,4004,1372,45,BGA1224,Laptop
Intel Core i7-2760QM,4,4392,1538,45,BGA1224,Laptop
Intel Core i7-2820QM,4,4379,1487,45,BGA1224,Laptop
Intel Core i7-2840QM,4,3842,1493,NA,rPGA988B,Laptop
Intel Core i7-2860QM,4,4523,1554,45,BGA1224,Laptop
Intel Core i7-2920XM,4,4286,1438,55,FCPGA988,Laptop
Intel Core i7-2960XM,4,4754,1598,55,PGA988B,Laptop
Intel Core i7-3517U,2,2087,1335,17,BGA1023,Laptop
Intel Core i7-3517UE,2,2384,1433,17,BGA1023,Laptop
Intel Core i7-3520M,2,2866,1740,35,BGA1023,Laptop
Intel Core i7-3537U,2,2352,1450,17,BGA1023,Laptop
Intel Core i7-3540M,2,2980,1793,35,rPGA988B,Laptop
Intel Core i7-3555LE,2,2238,1336,25,BGA1023,Laptop
Intel Core i7-3610QE,4,5026,1582,45,rPGA988B,Laptop
Intel Core i7-3610QM,4,5119,1666,45,PGA988B,Laptop
Intel Core i7-3612QE,4,4929,1678,35,BGA1224,Laptop
Intel Core i7-3612QM,4,4654,1539,35,PGA988B FCBGA12,Laptop
Intel Core i7-3615QE,4,5601,1802,45,BGA1224,Laptop
Intel Core i7-3615QM,4,5198,1707,45,BGA1224,Laptop
Intel Core i7-3630QM,4,5114,1684,45,rPGA988B,Laptop
Intel Core i7-3632QM,4,4709,1586,35,rPGA988B,Laptop
Intel Core i7-3635QM,4,4790,1703,45,Unknown,Laptop
Intel Core i7-3667U,2,2416,1501,17,BGA1023,Laptop
Intel Core i7-3687U,2,2645,1598,17,BGA1023,Laptop
Intel Core i7-3689Y,2,1967,1209,13,FCBGA1023,Laptop
Intel Core i7-3720QM,4,5671,1866,45,BGA1224,Laptop
Intel Core i7-3740QM,4,5692,1876,45,rPGA988B,Laptop
Intel Core i7-3820QM,4,5637,1868,45,BGA1224,Laptop
Intel Core i7-3840QM,4,5911,1931,45,rPGA988B,Laptop
Intel Core i7-3920XM,4,5710,1916,55,FCPGA988,Laptop
Intel Core i7-3940XM,4,5840,1911,55,rPGA988B,Laptop
Intel Core i7-4500U,2,2487,1492,15,BGA1168,Laptop
Intel Core i7-4510U,2,2595,1541,15,FCBGA1168,Laptop
Intel Core i7-4550U,2,2272,1290,15,BGA1168,Laptop
Intel Core i7-4558U,2,2939,1797,28,BGA1168,Laptop
Intel Core i7-4560U,2,2950,1782,NA,Unknown,Laptop
Intel Core i7-4578U,2,3106,1931,28,FCBGA1168,Laptop
Intel Core i7-4600M,2,3191,1866,37,PGA946,Laptop
Intel Core i7-4600U,2,2720,1656,15,FCBGA1168,Laptop
Intel Core i7-4610M,2,3220,1875,37,FPGA946FPGA947,Laptop
Intel Core i7-4650U,2,2461,1571,15,BGA1168,Laptop
Intel Core i7-4700HQ,4,5632,1792,47,FCBGA1364,Laptop
Intel Core i7-4700MQ,4,5356,1762,47,rPGA946B,Laptop
Intel Core i7-4702HQ,4,5351,1638,37,FCBGA1364,Laptop
Intel Core i7-4702MQ,4,5193,1707,37,FCPGA946,Laptop
Intel Core i7-4710HQ,4,5527,1778,47,FCBGA1364,Laptop
Intel Core i7-4710MQ,4,5831,1889,47,FCPGA946,Laptop
Intel Core i7-4712HQ,4,5358,1728,37,FCBGA1364,Laptop
Intel Core i7-4712MQ,4,5325,1809,37,FCPGA946,Laptop
Intel Core i7-4720HQ,4,5746,1860,47,BGA1364,Laptop
Intel Core i7-4722HQ,4,5620,1844,37,FCBGA1364,Laptop
Intel Core i7-4750HQ,4,5692,1750,47,FCBGA1364,Laptop
Intel Core i7-4760HQ,4,6300,1944,47,FCBGA1364,Laptop
Intel Core i7-4770HQ,4,6062,1911,47,FCBGA1364,Laptop
Intel Core i7-4800MQ,4,5736,1915,47,rPGA946B,Laptop
Intel Core i7-4810MQ,4,6071,2029,47,FCPGA946,Laptop
Intel Core i7-4850HQ,4,6136,1940,47,FCBGA1364,Laptop
Intel Core i7-4860EQ,4,5500,1754,47,FCBGA1364,Laptop
Intel Core i7-4860HQ,4,6242,1893,47,FCBGA1364,Laptop
Intel Core i7-4870HQ,4,6304,2049,47,FCBGA1364,Laptop
Intel Core i7-4900MQ,4,6119,1995,47,FCPGA946,Laptop
Intel Core i7-4910MQ,4,6256,2033,47,FCPGA946,Laptop
Intel Core i7-4930MX,4,6348,2060,57,FCPGA946,Laptop
Intel Core i7-4940MX,4,6830,2183,57,FPGA946FPGA947,Laptop
Intel Core i7-4960HQ,4,6339,2086,47,FCBGA1364,Laptop
Intel Core i7-4980HQ,4,6522,2172,47,FCBGA1364,Laptop
Intel Core i7-5500U,2,2786,1656,15,FCBGA1168,Laptop
Intel Core i7-5550U,2,2864,1703,15,FCBGA1168,Laptop
Intel Core i7-5557U,2,3102,1920,28,FCBGA1168,Laptop
Intel Core i7-5600U,2,3036,1775,15,FCBGA1168,Laptop
Intel Core i7-5650U,2,3010,1897,15,FCBGA1168,Laptop
Intel Core i7-5700EQ,4,5803,2092,47,FCBGA1364,Laptop
Intel Core i7-5700HQ,4,6044,2018,47,FCBGA1364,Laptop
Intel Core i7-5850EQ,4,7036,2119,47,FCBGA1364,Laptop
Intel Core i7-5850HQ,4,6866,2219,47,FCBGA1364,Laptop
Intel Core i7-5950HQ,4,7807,2310,47,FCBGA1364,Laptop
Intel Core i7-610E,2,2071,1420,35,BGA1288,Laptop
Intel Core i7-620LM,2,1406,1010,25,rPGA988A,Laptop
Intel Core i7-620M,2,1977,1287,35,BGA1288,Laptop
Intel Core i7-620UM,2,1091,859,18,BGA1288,Laptop
Intel Core i7-640LM,2,1531,1058,25,BGA1288,Laptop
Intel Core i7-640M,2,2070,1374,35,BGA1288,Laptop
Intel Core i7-640UM,2,1183,879,18,BGA1288,Laptop
Intel Core i7-6498DU,2,3454,1808,15,BGA1356,Laptop
Intel Core i7-6500U,2,3276,1694,15,FCBGA1356,Laptop
Intel Core i7-6560U,2,3330,1680,15,Unknown,Laptop
Intel Core i7-6567U,2,3662,2077,28,FCBGA1356,Laptop
Intel Core i7-6600U,2,3428,1792,15,FCBGA1356,Laptop
Intel Core i7-660UM,2,1284,925,18,BGA1288,Laptop
Intel Core i7-6650U,2,3542,1782,15,FCBGA1356,Laptop
Intel Core i7-6660U,2,3606,1943,15,FCBGA1356,Laptop
Intel Core i7-6700HQ,4,6519,1909,45,FCBGA1440,Laptop
Intel Core i7-6770HQ,4,7092,1944,45,FCBGA1440,Laptop
Intel Core i7-680UM,2,1196,911,18,BGA1288,Laptop
Intel Core i7-6820EQ,4,7001,1997,45,FCBGA1440,Laptop
Intel Core i7-6820HK,4,7063,1992,45,FCBGA1440,Laptop
Intel Core i7-6820HQ,4,6816,1953,45,FCBGA1440,Laptop
Intel Core i7-6822EQ,4,5241,1572,25,LGA 1151,Laptop
Intel Core i7-6920HQ,4,7340,2099,45,FCBGA1440,Laptop
Intel Core i7-6970HQ,4,4632,1532,45,FCBGA1440,Laptop
Intel Core i7-720QM,4,1657,925,45,PGA988A,Laptop
Intel Core i7-740QM,4,1833,1020,45,PGA988A,Laptop
Intel Core i7-7500U,2,3645,1920,15,FCBGA1356,Laptop
Intel Core i7-7560U,2,3792,1975,15,BGA1356,Laptop
Intel Core i7-7567U,2,4082,2193,28,BGA1356,Laptop
Intel Core i7-7600U,2,3698,2014,15,FCBGA1356,Laptop
Intel Core i7-7660U,2,4080,2154,15,BGA1356,Laptop
Intel Core i7-7700HQ,4,6909,2058,45,FCBGA1440,Laptop
Intel Core i7-7820EQ,4,7542,2173,45,FCBGA1440,Laptop
Intel Core i7-7820HK,4,7368,2114,45,FCBGA1440,Laptop
Intel Core i7-7820HQ,4,7162,2117,45,FCBGA1440,Laptop
Intel Core i7-7920HQ,4,7368,2227,45,FCBGA1440,Laptop
Intel Core i7-7Y75,2,2621,1570,4.5,FCBGA1515,Desktop Laptop
Intel Core i7-820QM,4,1775,1014,45,PGA988A,Laptop
Intel Core i7-840QM,4,1952,1138,45,PGA988A,Laptop
Intel Core i7-8500Y,2,2474,1448,5,FCBGA1515,Laptop
Intel Core i7-8550U,4,5896,2044,15,FC-BGA1356,Laptop
Intel Core i7-8557U,4,7342,2326,15,FCBGA1528,Laptop
Intel Core i7-8559U,4,8332,2511,28,FCBGA1528,Laptop
Intel Core i7-8565U,4,6060,2145,15,FCBGA1356,Laptop
Intel Core i7-8565UC,4,6187,2527,15,FCBGA1528,Laptop
Intel Core i7-8569U,4,8222,2596,28,FCBGA1528,Laptop
Intel Core i7-8650U,4,6256,2127,15,FC-BGA1356,Laptop
Intel Core i7-8665U,4,6252,2186,15,FCBGA1528,Laptop
Intel Core i7-8665UE,4,5170,1621,15,FCBGA1528,Laptop
Intel Core i7-8700B,6,11865,2732,65,FCBGA1440,Laptop
Intel Core i7-8705G,4,7695,2209,65,BGA2270,Laptop
Intel Core i7-8706G,4,7339,2321,65,BGA2270,Laptop
Intel Core i7-8709G,4,7947,2313,100,BGA2270,Laptop
Intel Core i7-8750H,6,9881,2303,45,FCBGA1440,Laptop
Intel Core i7-8809G,4,8531,2382,100,BGA2270,Laptop
Intel Core i7-8850H,6,10198,2383,45,FCBGA1440,Laptop
Intel Core i7-920XM,4,1950,1022,55,PGA988B,Laptop
Intel Core i7-940XM,4,2209,1139,55,PGA988,Laptop
Intel Core i7-9700TE,8,10203,2214,35,FCLGA1151-2,Desktop Laptop
Intel Core i7-9750H,6,10801,2421,45,FCBGA1440,Laptop
Intel Core i7-9750HF,6,10625,2429,45,FCBGA1440,Laptop
Intel Core i7-9850H,6,11054,2486,45,Unknown,Laptop
Intel Core i7-9850HL,6,7897,1723,25,FCBGA1440,Desktop Laptop
Intel Core i9-10880H,8,14642,2765,45,FCBGA1440,Laptop
Intel Core i9-10885H,8,14781,2714,45,FCBGA1440,Laptop
Intel Core i9-10980HK,8,15403,2774,45,FCBGA1440,Laptop
Intel Core i9-11900H,8,20539,3132,45,FCBGA1787,Laptop
Intel Core i9-11950H,8,21157,3174,45,FCBGA1787,Laptop
Intel Core i9-11980HK,8,22743,3277,45,FCBGA1787,Laptop
Intel Core i9-12900H,14,27901,3773,45,FCBGA1744,Laptop
Intel Core i9-12900HK,14,27356,3646,45,FCBGA1744,Laptop
Intel Core i9-12900HX,16,33940,3826,55,FCBGA1964,Laptop
Intel Core i9-12950HX,16,32323,3824,55,FCBGA1964,Laptop
Intel Core i9-13900H,14,28682,3842,45,FCBGA1744,Laptop
Intel Core i9-13900HK,14,31536,3967,45,FCBGA1744,Laptop
Intel Core i9-13900HX,24,44084,4124,55,FCBGA1964,Laptop
Intel Core i9-13905H,14,30207,3697,45,FCBGA1792,Laptop
Intel Core i9-13950HX,24,43492,4018,55,FCBGA1964,Laptop
Intel Core i9-13980HX,24,47229,4292,55,FCBGA1964,Laptop
Intel Core i9-14900HX,24,45654,4305,55,FCBGA1964,Laptop
Intel Core i9-8950HK,6,10461,2431,45,FCBGA1440,Laptop
Intel Core i9-9880H,8,13669,2486,45,FCBGA1440,Laptop
Intel Core i9-9980HK,8,14098,2526,45,FCBGA1440,Laptop
Intel Core M-5Y10,2,1644,976,4.5,Unknown,Laptop
Intel Core M-5Y10a,2,1905,993,4.5,FCBGA1234,Laptop
Intel Core M-5Y10c,2,1892,1111,4.5,FCBGA1234,Laptop
Intel Core M-5Y31,2,1896,1239,4.5,FCBGA1234,Laptop
Intel Core M-5Y51,2,2002,1302,4.5,FCBGA1234,Laptop
Intel Core M-5Y70,2,1823,1081,4.5,BGA1234,Laptop
Intel Core M-5Y71,2,2037,1285,4.5,FCBGA1234,Laptop
Intel Core m3-6Y30,2,2170,1173,4.5,FCBGA1515,Laptop
Intel Core m3-7Y30,2,2585,1405,4.5,FCBGA1515,Laptop
Intel Core m3-7Y32,2,2733,1628,4.5,FCBGA1515,Laptop Mobile/Embedded
Intel Core m3-8100Y,2,2858,1701,5,FCBGA1515,Laptop Mobile/Embedded
Intel Core m5-6Y54,2,2278,1300,7,FCBGA1515,Laptop Mobile/Embedded
Intel Core m5-6Y57,2,2346,1334,7,FCBGA1515,Laptop Mobile/Embedded
Intel Core m5-7Y54,2,1475,746,NA,Unknown,Laptop Mobile/Embedded
Intel Core m7-6Y75,2,2329,1354,7,FCBGA1515,Laptop Mobile/Embedded
Intel Core Solo T1300,1,210,518,27,PGA478,Laptop
Intel Core Solo T1350,1,194,413,31,Unknown,Laptop
Intel Core Solo T1400,1,253,525,27,PGA478,Laptop
Intel Core Solo U1300,1,127,340,6,PBGA479,Laptop
Intel Core Solo U1400,1,130,365,5.5,PBGA479,Laptop
Intel Core Solo U1500,1,164,375,5.5,Unknown,Laptop
Intel Core Ultra 5 125H,14,22185,3498,28,FCBGA2049,Laptop
Intel Core Ultra 5 125U,12,17471,3323,15,FCBGA2049,Laptop
Intel Core Ultra 5 134U,12,12549,3101,30,FCBGA2551,Laptop
Intel Core Ultra 5 135H,14,22894,3570,28,FCBGA2049,Laptop
Intel Core Ultra 5 135U,12,17678,3380,28,FCBGA2049,Laptop
Intel Core Ultra 5 226V,8,19050,3965,17,FCBGA2833,Laptop Mobile/Embedded
Intel Core Ultra 5 228V,8,19930,4091,170,FCBGA2833,Laptop Mobile/Embedded
Intel Core Ultra 7 155H,16,25158,3520,28,FCBGA2049,Laptop
Intel Core Ultra 7 155U,12,16763,3451,15,FCBGA2049,Laptop
Intel Core Ultra 7 164U,12,15106,3151,9,FCBGA2551,Laptop
Intel Core Ultra 7 165H,16,26292,3530,28,FCBGA2049,Laptop
Intel Core Ultra 7 165U,12,17591,3400,15,FCBGA2049,Laptop
Intel Core Ultra 7 256V,8,19464,3633,17,FCBGA2833,Laptop
Intel Core Ultra 7 258V,8,19652,3989,17,FCBGA2833,Laptop
Intel Core Ultra 9 185H,16,29272,3704,45,FCBGA2049,Laptop
Intel Core Ultra 9 288V,8,19542,4600,30,FCBGA2833,Laptop
Intel Core2 Duo E8135,2,1112,1127,NA,Socket P,Laptop
Intel Core2 Duo E8235,2,1020,1112,NA,Socket P,Laptop
Intel Core2 Duo E8335,2,1121,1137,NA,Socket P,Laptop
Intel Core2 Duo E8335,2,1032,1142,NA,Socket P,Laptop
Intel Core2 Duo E8435,2,1104,1223,NA,Socket P,Laptop
Intel Core2 Duo L7100,2,467,484,NA,BGA956 ,Laptop
Intel Core2 Duo L7300,2,536,551,17,BGA479,Laptop
Intel Core2 Duo L7400,2,516,555,17,BGA479,Laptop
Intel Core2 Duo L7500,2,657,664,17,BGA479,Laptop
Intel Core2 Duo L7700,2,607,748,17,Unknown,Laptop
Intel Core2 Duo L9300,2,690,703,17,BGA956,Laptop
Intel Core2 Duo L9600,2,788,849,17,BGA956,Laptop
Intel Core2 Duo P7350,2,748,796,25,BGA479,Laptop
Intel Core2 Duo P7370,2,790,793,25,PGA478,Laptop
Intel Core2 Duo P7450,2,783,837,25,PGA478,Laptop
Intel Core2 Duo P7550,2,849,974,25,PGA478,Laptop
Intel Core2 Duo P7570,2,845,930,25,PGA478,Laptop
Intel Core2 Duo P8400,2,849,920,25,BGA479,Laptop
Intel Core2 Duo P8600,2,849,945,25,BGA479,Laptop
Intel Core2 Duo P8700,2,960,1022,25,BGA479,Laptop
Intel Core2 Duo P8800,2,937,1075,25,BGA479,Laptop
Intel Core2 Duo P9300,2,952,950,NA,Unknown,Laptop
Intel Core2 Duo P9500,2,993,1057,25,BGA479,Laptop
Intel Core2 Duo P9600,2,1040,1082,25,PGA478,Laptop
Intel Core2 Duo P9600,2,1093,1120,25,PGA478,Laptop
Intel Core2 Duo P9700,2,1149,1157,28,PGA478,Laptop
Intel Core2 Duo SL9400,2,759,786,17,BGA956,Laptop
Intel Core2 Duo SP9400,2,863,929,25,BGA956,Laptop
Intel Core2 Duo SU9400,2,511,582,10,BGA956,Laptop
Intel Core2 Duo T5200,2,470,592,34,Socket M,Laptop
Intel Core2 Duo T5250,2,549,567,35,PGA478,Laptop
Intel Core2 Duo T5270,2,427,535,35,PGA478,Laptop
Intel Core2 Duo T5300,2,530,533,34,PGA478,Laptop
Intel Core2 Duo T5450,2,583,592,35,PGA478,Laptop
Intel Core2 Duo T5470,2,590,636,35,PGA478,Laptop
Intel Core2 Duo T5500,2,548,608,34,PGA478,Laptop
Intel Core2 Duo T5550,2,642,682,35,PGA478,Laptop
Intel Core2 Duo T5600,2,658,678,34,PGA478,Laptop
Intel Core2 Duo T5670,2,590,666,35,Socket P,Laptop
Intel Core2 Duo T5750,2,702,745,35,Socket P,Laptop
Intel Core2 Duo T5800,2,622,722,35,PGA478,Laptop
Intel Core2 Duo T5850,2,687,787,NA,Socket P,Laptop
Intel Core2 Duo T5870,2,698,740,35,PPGA478 Socket ,Laptop
Intel Core2 Duo T5900,2,652,768,NA,Socket P,Laptop
Intel Core2 Duo T6400,2,727,796,35,PGA478,Laptop
Intel Core2 Duo T6500,2,747,836,35,PGA478,Laptop
Intel Core2 Duo T6570,2,759,843,35,PGA478,Laptop
Intel Core2 Duo T6600,2,793,860,35,PGA478,Laptop
Intel Core2 Duo T6670,2,827,886,35,PGA478,Laptop
Intel Core2 Duo T7100,2,607,690,35,BGA479,Laptop
Intel Core2 Duo T7200,2,738,743,34,PBGA479 PPGA478,Laptop
Intel Core2 Duo T7250,2,709,771,35,BGA479,Laptop
Intel Core2 Duo T7300,2,682,763,35,BGA479,Laptop
Intel Core2 Duo T7400,2,761,757,34,BGA479,Laptop
Intel Core2 Duo T7500,2,828,863,35,BGA479,Laptop
Intel Core2 Duo T7600,2,824,874,34,PBGA479 PPGA478,Laptop
Intel Core2 Duo T7700,2,949,969,35,BGA479,Laptop
[Dual CPU] Intel Core2 Duo T7700,2,3497,1603,35,BGA479,Laptop
Intel Core2 Duo T7800,2,921,918,35,BGA479,Laptop
Intel Core2 Duo T8100,2,770,833,35,BGA479,Laptop
Intel Core2 Duo T8300,2,896,970,35,BGA479,Laptop
Intel Core2 Duo T9300,2,987,1025,35,BGA479,Laptop
Intel Core2 Duo T9400,2,1011,1047,35,BGA479,Laptop
Intel Core2 Duo T9500,2,1044,1072,35,BGA479,Laptop
Intel Core2 Duo T9550,2,972,1068,35,BGA479,Laptop
Intel Core2 Duo T9600,2,1075,1119,35,BGA479,Laptop
Intel Core2 Duo T9800,2,1216,1236,35,BGA479,Laptop
Intel Core2 Duo T9900,2,1189,1185,35,BGA479PGA478,Laptop
Intel Core2 Duo U7300,2,522,531,10,BGA956,Laptop
Intel Core2 Duo U7500,2,392,393,10,BGA479,Laptop
Intel Core2 Duo U7600,2,347,429,10,BGA479,Laptop
Intel Core2 Duo U7700,2,429,442,10,Unknown,Laptop
Intel Core2 Duo U9300,2,464,518,10,BGA956,Laptop
Intel Core2 Duo U9600,2,577,659,10,BGA956,Laptop
Intel Core2 Extreme X7800,2,1138,1077,44,PGA478,Laptop
Intel Core2 Extreme X7900,2,1104,1085,44,PGA478,Laptop
Intel Core2 Extreme X9000,2,1099,1098,44,PGA478,Laptop
Intel Core2 Extreme X9100,2,1171,1178,44,PGA478,Laptop
Intel Core2 Quad Q9000,4,1575,881,45,PGA478,Laptop
Intel Core2 Quad Q9100,4,1915,986,45,PGA478,Laptop
Intel Core2 Solo U2100,1,233,258,5.5,Unknown,Laptop
Intel Core2 Solo U3500,1,252,546,5.5,BGA956,Laptop
Intel N95,4,5369,1935,15,Unknown,Laptop Mobile/Embedded
Intel Pentium 2020M,2,1377,1269,35,FCPGA988,Laptop
Intel Pentium 2030M,2,1427,1235,35,FCPGA988,Laptop
Intel Pentium 2117U,2,1022,931,17,FCBGA1023,Laptop
Intel Pentium 2127U,2,1064,969,17,FCBGA1023,Laptop
Intel Pentium 2129Y,2,587,564,10,FCBGA1023,Laptop
Intel Pentium 3550M,2,1330,1184,37,FCPGA946,Laptop
Intel Pentium 3556U,2,1061,952,15,BGA1168,Laptop
Intel Pentium 3558U,2,1040,947,15,FCBGA1168,Laptop
Intel Pentium 3560M,2,1345,1221,37,FCPGA946,Laptop
Intel Pentium 3560Y,2,887,677,11.5,BGA1168,Laptop
Intel Pentium 3805U,2,1178,1108,15,FCBGA1168,Laptop
Intel Pentium 3825U,2,1399,1103,15,FCBGA1168,Laptop
Intel Pentium 4 Mobile,1,116,254,NA,Unknown,Laptop
Intel Pentium 4 Mobile,1,114,195,NA,Unknown,Laptop
Intel Pentium 4 Mobile,1,136,282,NA,Unknown,Laptop
Intel Pentium 4 Mobile,1,132,310,NA,Unknown,Laptop
Intel Pentium 4405U,2,2107,1196,15,FCBGA1356,Laptop
Intel Pentium 4405Y,2,1526,886,6,FCBGA1515,Laptop
Intel Pentium 4410Y,2,1384,755,6,FCBGA1515,Laptop
Intel Pentium 4415U,2,2236,1280,15,BGA1356,Laptop
Intel Pentium 4415Y,2,1583,864,6,FCBGA1515,Laptop
Intel Pentium 4417U,2,2242,1296,15,FCBGA1356,Laptop
Intel Pentium 4425Y,2,1689,953,6,FCBGA1515,Laptop
Intel Pentium 5405U,2,2255,1308,15,FCBGA1528,Laptop
Intel Pentium 6405U,2,2353,1370,15,FCBGA1528,Laptop
Intel Pentium 6805,2,4424,1834,15,FCBGA1526,Laptop
Intel Pentium 957,2,622,574,17,FCBGA1023,Laptop
Intel Pentium 967,2,643,616,17,FCBGA1023,Laptop
Intel Pentium 987,2,657,625,17,FCBGA1023,Laptop
Intel Pentium A1018,2,1210,1085,35,FCPGA988,Laptop
Intel Pentium A1020,4,1249,726,10,FCBGA1170,Laptop
Intel Pentium B940,2,861,854,35,PGA988,Laptop
Intel Pentium B950,2,995,937,35,PGA988,Laptop
Intel Pentium B960,2,986,971,35,PGA988,Laptop
Intel Pentium B970,2,1073,1018,35,PGA988,Laptop
Intel Pentium B980,2,1087,1048,35,FCPGA988,Laptop
Intel Pentium Dual T2390,2,745,712,35,PPGA478,Laptop
Intel Pentium G4400TE,2,2190,1481,35,FCLGA1151,Laptop
Intel Pentium Gold 7505,2,5199,2264,15,FCBGA1449,Laptop
Intel Pentium Gold 8505,5,9328,3243,15,BGA1700,Laptop Mobile/Embedded
Intel Pentium III Mobile,1,160,210,NA,Unknown,Laptop
Intel Pentium III Mobile,1,164,218,NA,Unknown,Laptop
Intel Pentium III Mobile,1,156,216,NA,Unknown,Laptop
Intel Pentium III Mobile,1,119,155,NA,Unknown,Laptop
Intel Pentium III Mobile,1,99,132,NA,Unknown,Laptop
Intel Pentium M,1,292,353,21,H-PBGA479 PPGA4,Laptop
Intel Pentium N3510,4,878,534,7.5,FCBGA1170,Laptop
Intel Pentium N3520,4,1146,663,7.5,FCBGA1170,Laptop
Intel Pentium N3530,4,1193,699,7.5,FCBGA1170,Laptop
Intel Pentium N3540,4,1201,707,7.5,FCBGA1170,Laptop
Intel Pentium N3700,4,1255,632,6,FCBGA1170,Laptop
Intel Pentium N3710,4,1390,687,6,FCBGA1170,Laptop
Intel Pentium N4200,4,2171,859,6,FCBGA1296,Laptop
Intel Pentium P6000,2,810,735,35,PGA988,Laptop
Intel Pentium P6100,2,882,832,35,PGA988,Laptop
Intel Pentium P6200,2,908,857,35,PGA988,Laptop
Intel Pentium P6300,2,834,772,35,PGA988,Laptop
Intel Pentium Silver N5000,4,2619,1136,6,FCBGA1090,Laptop
Intel Pentium Silver N5020,4,3404,1307,6,FCBGA1090,Laptop
Intel Pentium Silver N5030,4,2595,1241,6,FCBGA1090,Laptop
Intel Pentium Silver N6005,4,5367,1768,10,FCBGA1338,Laptop Mobile/Embedded
Intel Pentium SU2700,1,228,480,10,Unknown,Laptop
Intel Pentium SU4100,2,492,524,10,BGA956,Laptop
Intel Pentium T2060,2,330,491,31,PGA478,Laptop
Intel Pentium T2080,2,341,528,31,PGA478,Laptop
Intel Pentium T2130,2,382,583,31,PGA478,Laptop
Intel Pentium T2310,2,531,559,35,PPGA478,Laptop
Intel Pentium T2330,2,538,572,35,PPGA478,Laptop
Intel Pentium T2370,2,558,594,35,PPGA478,Laptop
Intel Pentium T2390,2,568,651,35,PPGA478,Laptop
Intel Pentium T3200,2,631,711,35,PPGA478,Laptop
Intel Pentium T3400,2,653,732,35,PPGA478,Laptop
Intel Pentium T4200,2,714,779,35,PGA478,Laptop
Intel Pentium T4300,2,759,813,35,PGA478,Laptop
Intel Pentium T4400,2,776,844,35,PGA478,Laptop
Intel Pentium T4500,2,824,904,35,PGA478,Laptop
Intel Pentium U5400,2,552,501,18,BGA1288,Laptop
Intel Pentium U5600,2,624,588,18,BGA1288,Laptop
Intel U300,5,8251,3012,15,FCBGA1744,Laptop
Intel Xeon D-1528,6,6823,1487,35,FCBGA1667,Laptop Server
Intel Xeon E-2176M,6,10880,2466,45,FCBGA1440,Laptop
Intel Xeon E-2186M,6,11409,2548,45,FCBGA1440,Laptop
Intel Xeon E-2276M,6,11810,2614,45,FCBGA1440,Laptop
Intel Xeon E-2286M,8,15088,2728,45,FCBGA1440,Laptop
Intel Xeon E3-1268L v5,4,6334,1721,35,FCLGA1151,Laptop Server
Intel Xeon E3-1505L v5,4,5083,1548,25,FCBGA1440,Laptop Server
Intel Xeon E3-1505L v6,4,6088,1848,25,FCBGA1440,Laptop Server
Intel Xeon E3-1535M v5,4,7504,2120,45,FCBGA1440,Laptop Server
Intel Xeon E3-1535M v6,4,7965,2294,35,FCBGA1440,Laptop Server
Intel Xeon E3-1545M v5,4,7820,2118,45,FCBGA1440,Laptop Server
Intel Xeon W-10855M,6,12589,2760,45,FCBGA1440,Laptop Server
Intel Xeon W-10885M,8,15784,2777,45,FCBGA1440,Laptop Server
Intel Xeon W-11855M,6,18129,3252,45,FCBGA1787,Laptop Server
Intel Xeon W-11955M,8,22579,3294,45,FCBGA1787,Laptop Server
Microsoft SQ1,8,5856,1818,15,Unknown,Laptop
Microsoft SQ2,8,6477,1912,NA,Unknown,Laptop
Microsoft SQ3,8,11727,2367,NA,Unknown,Laptop
Mobile AMD Athlon 2500+,1,241,365,NA,Unknown,Laptop
Mobile AMD Athlon 4 2400+,1,233,358,NA,Unknown,Laptop
Mobile AMD Athlon 64 3200+,1,326,400,81.5,Unknown,Laptop
Mobile AMD Athlon 64 3400+,1,333,432,81.5,Unknown,Laptop
Mobile AMD Athlon 64 3700+,1,356,485,81.5,Unknown,Laptop
Mobile AMD Athlon 64 4000+,1,313,338,62,Unknown,Laptop
Mobile AMD Athlon MP-M 1800+,1,173,262,35,Unknown,Laptop
Mobile AMD Athlon MP-M 2400+,1,192,314,NA,Unknown,Laptop
Mobile AMD Athlon XP-M 1600+,1,169,274,NA,Unknown,Laptop
Mobile AMD Athlon XP-M 1800+,1,193,291,45,Socket A,Laptop
Mobile AMD Athlon XP-M 2000+,1,196,301,NA,Unknown,Laptop
Mobile AMD Athlon XP-M 2200+,1,237,363,NA,Unknown,Laptop
Mobile AMD Athlon XP-M 2400+,1,225,355,NA,Unknown,Laptop
Mobile AMD Athlon XP-M 2500+,1,226,355,NA,Unknown,Laptop
Mobile AMD Athlon XP-M 2600+,1,241,375,NA,Unknown,Laptop
Mobile AMD Athlon XP-M 2800+,1,238,385,NA,Unknown,Laptop
Mobile AMD Athlon XP-M 3000+,1,238,365,NA,Unknown,Laptop
Mobile AMD Sempron 2100+,1,164,203,8,S1,Laptop Mobile/Embedded
Mobile AMD Sempron 2600+,1,256,316,NA,Socket 754,Laptop
Mobile AMD Sempron 2800+,1,237,299,NA,Socket 754,Laptop
Mobile AMD Sempron 3000+,1,269,350,NA,Socket 754,Laptop
Mobile AMD Sempron 3100+,1,277,359,NA,Socket 754,Laptop
Mobile AMD Sempron 3200+,1,245,525,NA,S1,Laptop
Mobile AMD Sempron 3300+,1,294,391,NA,Socket 754,Laptop
Mobile AMD Sempron 3400+,1,269,489,25,Socket S1 (S1g1),Laptop
Mobile AMD Sempron 3500+,1,259,535,NA,S1,Laptop
Mobile AMD Sempron 3600+,1,284,618,25,S1,Laptop
Mobile AMD Sempron 3800+,1,335,735,NA,S1,Laptop
Mobile Intel Celeron,1,121,280,66.1,PPGA478,Laptop
Mobile Intel Celeron,1,183,248,NA,Unknown,Laptop
Mobile Intel Pentium 4 - M,1,139,317,NA,Unknown,Laptop
Mobile Intel Pentium 4,1,344,552,NA,Unknown,Laptop
Mobile Intel Pentium III - M,1,146,185,22,BGA2 microPGA2,Laptop
Mobile Intel Pentium III - M,1,130,177,20.1,BGA2 microPGA2,Laptop
Qualcomm Snapdragon X Elite - X1E-78-100,12,23295,3195,23,Unknown,Laptop
Qualcomm Snapdragon X Elite - X1E-80-100,12,23230,3292,NA,Unknown,Laptop
Qualcomm Snapdragon X Elite - X1E-84-100,12,24528,3979,NA,Unknown,Laptop
Qualcomm Snapdragon X Plus X1P-64-100,10,22322,3132,NA,Unknown,Laptop
Snapdragon 7c,8,3712,1519,NA,Unknown,Laptop Mobile/Embedded
Snapdragon 7c,8,3395,1225,9,Unknown,Laptop Mobile/Embedded
Snapdragon 7c Gen 2,8,3857,1480,7,Unknown,Laptop Mobile/Embedded
Snapdragon 835,8,2211,1035,9,Unknown,Laptop Mobile/Embedded
Snapdragon 850,8,3326,1424,5,Unknown,Laptop Mobile/Embedded
Snapdragon 8c,8,5230,1544,NA,Unknown,Laptop Mobile/Embedded
Snapdragon 8cx,8,5083,1717,NA,Unknown,Laptop Mobile/Embedded
Snapdragon 8cx Gen 2,8,6728,1737,NA,Unknown,Laptop Mobile/Embedded
Snapdragon 8cx Gen 2,8,6691,1955,7,Unknown,Laptop Mobile/Embedded
Snapdragon 8cx Gen 3,8,11774,2415,NA,Unknown,Laptop Mobile/Embedded
VIA C7-M,1,112,93,NA,Unknown,Laptop
VIA C7-M,1,116,124,15,BGA400,Laptop
VIA C7-M,1,145,121,NA,Unknown,Laptop
VIA Eden,1,80,83,5,NanoBGA2,Laptop
VIA Eden,1,93,97,7,NanoBGA2,Laptop
VIA Nano L2007,1,238,273,25,BGA400,Laptop
VIA Nano L2100,1,279,182,25,BGA400,Laptop
VIA Nano L2207,1,165,191,17,BGA400,Laptop
VIA Nano U2250,1,179,156,10,BGA400,Laptop
VIA Nano U2500,1,199,184,7,BGA400,Laptop
VIA Nano U3500,1,184,286,5,BGA400,Laptop
VIA Nano X2 U4025,2,400,298,NA,BGA400,Laptop
VIA QuadCore L4700,4,773,355,27.5,Unknown,Laptop